商品名称,店铺名,商品售价,商品分类,佣金比例,销量,销量环比,总销量,总销售额,销售额,商品上架时间,店铺总销量
Ginseng Hya Vitamin Cream ครีมโสมไฮยา,YerpallThailand,฿315.00,美妆个护-美容护肤-保湿乳液、乳霜与喷雾,15%,175400,98.13%,538400,155327680,48897428,2023-09-30 22:25:28,2332667
ดินสอเขียนคิ้ว กันน้ำ ดินสอเขียนคิ้วแบบหมุน 2 in 1 มีแปรงปัดคิ้วในตัว มี 5 สีให้เลือก GMB,Nownow shop 000,฿7.20,美妆个护-美妆-眉笔&眉粉&眉胶,12%,172871,-18.53%,4866295,37949646.14,1127644.7,2023-06-23 15:01:03,10253971
Mask มาส์กหน้า แผ่นมาส์กหน้า SADOER มาส์กมาส์กบำรุงล้ำลึกให้ความชุ่มชื้น มะเขือเทศ vc แตงกวา เอสเซ้น 24k มาส์กให้ความชุ่มชื้นหลากหลายสไตล์ Skincare ใบหน้า,JULUJAT SHOP,฿5.10,美妆个护-美容护肤-面膜,10%,153200,67.66%,798200,2667076.86,686338.25,2024-07-30 06:24:41,1250779
โกลเด้น ไฮยา ทิ้นท์ บลัช KATHY AMREZ GOLDEN HYA TINTED BLUSH,Kathy Cosmetics,฿196.08,美妆个护-美妆-腮红,15%,125346,69.9%,224416,44658784,24943854,2025-07-06 12:07:24,3967577
[1แถม4] สบู่น้ำวิตามิน KB VitC Aura Soap,แม่กิ๊ฟ&พ่อบีส,฿110.00,美妆个护-洗浴与身体护理-沐浴露与香皂,6%,124430,38.22%,241847,23942853,12318570,2025-08-24 01:19:15,736951
เล็บปลอม สไตล์ไทยยอดนิยม ติดทนนาน ไม่บิ่น มีสไตล์ที่สร้างแรงบันดาลใจจากคนดังมากมายให้เลือก พร้อมสวมใส่ในหนึ่งนาที เล็บปลอม วัสดุเจลคุณภาพสูง ทรงอัลมอนด์ ทำให้มือดูยาวขึ้น,Happy Girl Manicure-TH,฿63.10,美妆个护-手足及指甲护理-美甲装饰和配饰,10%,110892,1506.66%,122500,1158476.28,1045711.56,2025-09-25 19:56:28,358483
(ซื้อ 1 แถม 1) OUKEYA JUST KISS LIP GLOSS TINT จัสคิส ลิปกลอสทิ้นท์ กลอสให้ความชุ่มชื้น ปากดูฉ่ำวาว ทิ้งสเตนสี,Oukeya Thailand Shop,฿94.00,美妆个护-美妆-口红与唇彩,15%,101923,19.32%,226483,17892157,8051917,2025-07-23 17:45:06,4151276
MAYBELLINE SUPERSTAY VINYL INK LIPSTICK เมย์เบลลีน ซุปเปอร์สเตย์ ไวนิล อิ้งค์ลิปไวนิล ฉ่ำวาว ติดทน 16 ชม. (ลิปสติก),Maybelline TH,฿254.96,美妆个护-美妆-口红与唇彩,7%,94476,67.24%,766316,174449939.2,20926938.06,2022-08-03 17:06:40,1627473
Mask แผ่นมาส์กหน้า มาส์กหน้าSADOER มาส์กหน้า,Global future mall,฿5.31,美妆个护-洗浴与身体护理-身体敷膜,8%,91363,-2.09%,4138162,7439948.96,412835.43,2023-12-15 01:30:22,5119010
Beautilab A2P Retouch Brightening Concealer/Peach Dark Spot Corrector คอนซีลเลอร์ หรือ คอเรคเตอร์สีพีช ปกปิดใต้ตาคล้ำ,drpongshop,฿180.90,美妆个护-美妆-遮瑕与粉底,5%,89950,96.43%,568778,95190098.56,14785591.72,2024-02-15 10:05:29,5006906
สบู่ทิพย์สุฟอกผิวกาย ขจัดคราบครีม&ขี้ไคลTHIPS SKIN CLEANSING SOAP,THIPSทิพย์สุ1,฿180.00,美妆个护-洗浴与身体护理-沐浴露与香皂,15%,82388,-16.77%,778810,143322066.3,13111582.8,2023-09-27 00:11:14,1164744
(โปรไลฟ์) ครีมรักแร้ใหญ่ 1 กระปุก แบรนด์ฝนดอกไม้,ฝนดอกไม้,฿638.00,美妆个护-洗浴与身体护理-身体除臭&防汗剂,3%,79785,79784900%,79991,12223329.9,11890048.57,2025-10-13 22:05:32,6624976
[บริษัทโดยตรง] - JOSE PREMIUM BODY OIL โจเซ่ พรีเมียม บอดี้ ออยล์ ขนาด 150 ML.,JOSE Thailand,฿213.00,美妆个护-洗浴与身体护理-保湿油、按摩油,15%,77953,31.96%,282191,56156009,15512647,2025-04-21 11:42:44,2551589
เอสเซ้นส์ สารสกัดว่านหางจระเข้ Sadoer Aloe Vera Essence30ML(880),TT LIVE SHOP,฿16.00,美妆个护-美容护肤-面部精华液,10%,77561,77.97%,222361,3330387.15,1163415,2023-06-16 10:20:31,1158815
ครีมกำจัดขนคอสมิค COSMIC CREAM REMOVAL SPAY [ของแท้บริษัท],พี่ปุ้ยคอสมิค,฿69.00,美妆个护-洗浴与身体护理-除毛乳、除毛蜜蜡&除毛器,10%,75915,105.89%,398877,25067211.4,4492191.27,2024-09-04 08:43:52,899385
(โปรไลฟ์) ครีมรักแร้เล็ก 1 กระปุก แบรนด์ฝนดอกไม้,ฝนดอกไม้,฿63.80,美妆个护-洗浴与身体护理-身体除臭&防汗剂,5%,75524,38.16%,175208,10365576.45,4437290.96,2025-05-09 05:19:50,6624976
เซรั่มสตอเบอรี่ สูตรใหม่ 15 ML. (แถมเฟิร์สแคร์สูตรใหม่ 1 ซอง),YerpallThailand,฿442.00,美妆个护-美容护肤-面部精华液,15%,72728,79.96%,479347,177133559.5,26483578,2022-06-29 16:56:06,2332667
//H2K// TERRA PAFE บาล์มน้ำหอมแบบแท่งขนาด 7 กรัม กลิ่นหอม พกพาสะดวก ใช้ได้ทุกจุด กลิ่นหอมฟุ้ง | Perfume Balm EDP 13% น้ำหอมกลิ่นผู้หญิงผู้ชาย ใช้ได้ทุกวัน,MIDUNG MULTI BRAND,฿59.42,美妆个护-香水-男女通用香水,15%,71599,996.97%,157858,11686540.14,3986927.78,2024-07-20 19:08:23,1531277
[โทนอัพพี่ดารา!] โทนอัพฟิลเตอร์ชับบี้ Chubby Daily Filter Tone Up 100 g.,CHUBBY,฿251.00,美妆个护-洗浴与身体护理-身体霜、乳,10%,71208,455.79%,130408,30759066.77,16621952,2025-04-04 21:16:02,680285
ยาสีฟันขิงขิง แบรนด์บียอน - โปรโมชั่น ซื้อ 1 หลอด แถมฟรี 1 หลอด,Noom341,฿298.00,美妆个护-鼻子口腔护理-牙膏,20%,70347,36.02%,773076,267022349.7,18923343,2022-06-29 16:51:45,2599538
ซิโอร่า เซรั่ม 5 ขวด - Ciora Niacinamide 10% Serum  - (ส่งตรงจากโรงงาน),ซิโอร่า มอลล์,฿105.00,美妆个护-美容护肤-面部精华液,15%,68947,513.19%,92847,9191853,6825753,2025-06-29 06:32:30,234991
ลิปมินิแมท จูบไม่หลุด KATHY AMREZ MINI MATTE LIGHT LIP,Kathy Cosmetics,฿119.48,美妆个护-美妆-口红与唇彩,15%,67637,47.18%,814640,85320022.33,7004077.4,2022-06-29 20:07:41,3967577
【พิเศษสำหรับ pimrypie】PINKFLASH ลิปสติกเนื้อลิควิดเนื้อแมตต์เนื้อนุ่ม VE ให้ความชุ่มชื้นยาวนาน 24 สี ผู้หญิง Cosmetics,PINKFLASH.TH,฿35.00,美妆个护-美妆-口红与唇彩,2%,67108,404.57%,775085,14018830.99,1178528.6,2023-06-26 16:01:20,4406503
เซรั่มไฮยา พริตตี้เกิร์ลล,Pretty Girl Thailand,฿86.00,美妆个护-洗浴与身体护理-身体霜、乳,1%,66255,2820.01%,100755,8724072.66,5556228,2024-09-12 21:34:36,359358
กันแดดกาญจนา SPF 50+ PA++++,มาร์คสมุนไพรกาญจนา,฿86.00,美妆个护-美容护肤-脸部防晒霜与晒后修复,15%,66219,64.61%,505819,38711451.72,5231301,2024-11-18 10:44:58,738238
ไม่จำเป็นต้องฟอกขาว 16 สีซื้อ 2025 สินค้าฮอตใน สีย้อมผม STYLE FIT ยาย้อมผม อ่อนโยนไม่ปิดกั้นทำสีง่ อุปกรณ์ย้อมผมฟรี,BIAKSASHOP,฿60.00,美妆个护-头部护理与造型-染发用品,11%,65410,16.22%,196158,10620610,3534598,2025-05-04 04:53:17,556365
[ ส่งด่วน ] JAVANA DOUBLE EXTRA BOOSTER  WHITE BODY CREAM 200g. บูสเตอร์จาวาน่า สำหรับผิวกาย,javana.th,฿108.00,美妆个护-洗浴与身体护理-身体霜、乳,5%,64896,92.43%,112996,12160874.5,6812361,2025-05-11 11:02:40,173857
ที่สุดของ LPP ต้องMFเท่านั้น เคราตินสดเกรดพรีเมี่ยม ขนาดใหญ่530ml ผม บำรุง,MF ทรีทเม้นท์ เคราติน,฿95.00,美妆个护-头部护理与造型-洗发护发,15%,64047,0.2%,204547,18086712.95,5638238,2024-03-26 11:22:16,319571
BODANA COCONUT OIL CREAM  ครีมน้ำมันมะพร้าวอเนกประสงค์ 50g มอยส์เจอร์ไรเซอร์  มะพร้าว โบดานา ผิว โคโคนัท ออยล์ ครีม บำรุง Moisturizer Skincare ความชุ่มชื้น ผิวหน้า,Bodana Biotechnology,฿63.00,美妆个护-洗浴与身体护理-身体霜、乳,10%,64026,648.23%,78232,4076320.65,3300701.28,2024-12-09 12:12:12,201752
(มีQR)Livetined Hair Essence เอสเซนส์บํารุงเส้นผม แฮร์เอสเซ้น บำรุง 30ml,LIVETINED THAILAND,฿70.00,美妆个护-头部护理与造型-头发与头皮养护,5%,63389,-7.38%,1386226,85269336.85,3739951,2024-01-04 18:25:34,1799705
Mayaaa Cushion คุชชั่นมายา คุชชั่นแม่น้องแฝด คุชชั่นเมพรีมายา  (แบบซอง) SPF 30 PA +++,Mayaaa Cosmetics,฿75.00,美妆个护-美妆-遮瑕与粉底,10%,63299,1568.4%,131025,9363062.23,4184423.26,2024-06-05 19:30:45,241148
[ขายดี!]แมสก์ 3D Wallias Mask 3D สำหรับผู้ใหญ่ หน้ากากอนามัยทางการแพทย์ 3D ป้องกันฝุ่น PM2.5 หน้ากากอนามัย ได้ดีเยี่ยม กระชับใบหน้า ไม่รัดใบหู ตัวขายดีของทางร้าน,Cosmycare,฿30.00,美妆个护-美容护肤-面部护理工具,6%,62422,3710.87%,67000,2010000,1872660,2025-09-25 19:37:50,278735
น้ำหอมผู้หญิง (แบรนด์ Enchant ของแท้ 100%) กลิ่น Enchant โปร 1 แถม 1 ขนาด 25ml วานิลาไวท์ช็อก เซ็กซี่ (น้ำหอมนำเข้าจากฝรั่งเศส),Enchant.OfficiaI,฿221.00,美妆个护-香水-香水,20%,61626,2861.36%,313740,59664727.53,11647314,2023-09-11 10:41:27,1416166
"แท่งอายแชโดว์สามสี, ความงามที่เปล่งปลั่ง, กลิตเตอร์ไล่โทนสี, ปากกาอายแชโดว์สามสีหนึ่งเช็ด, เหมาะสำหรับผู้เริ่มต้น, ผิวด้านและชิมเมอร์",JIYKOL,฿71.63,美妆个护-美妆-眼影,15%,59555,-21.58%,411955,24610278.56,3511486.2,2025-05-12 05:48:32,694916
1กล่องx10ชิ้น COLORKEY LUMINOUS FACIAL MASK แผ่นมาส์กบำรุงผิวหน้า 4 สูตร โปรวิตามิน B5 พลัส [พร้อมส่งจากไทย],COLORKEY THAILAND,฿184.00,美妆个护-美容护肤-面膜,1%,55599,66.26%,106099,16873038.48,8840241,2025-06-02 06:52:29,281484
ลิปดูโอ้ ฉ่ำ จูบไม่หลุด KATHY AMREZ LIP DUO MATTE & SHINE FIX,Kathy Cosmetics,฿302.60,美妆个护-美妆-口红与唇彩,15%,55115,89.4%,585915,132780387.9,14471801.68,2022-08-02 12:52:00,3967577
ครีมฟิลเลอร์คุณโจ้ ครีมซองคุณโจ้ NA-NA ครีมซองแดง คุณโจ้,NAWANNA เพจบริษัท,฿213.00,美妆个护-美容护肤-保湿乳液、乳霜与喷雾,30%,54956,181.32%,142856,28978601.07,10936244,2023-11-08 03:23:27,910669
Prettygirl C&E Body Hyaluronic Acid Whitening Serum 300ml,Pretty Girl Thailand,฿84.00,美妆个护-洗浴与身体护理-身体霜、乳,1%,54654,2851.08%,64586,5115733,4317666,2025-05-30 15:18:59,359358
น้ำหอมผู้หญิง ปริมาณ 35 ml หอมฟุ้งกระจาย ติดทนนาน,ทาสหอม,฿58.00,美妆个护-香水-男女通用香水,5%,53333,35.17%,675700,31616040.07,2666650,2023-12-02 11:06:22,1514796
สติกเกอร์ฮาโลวีนสำหรับเด็ก น่ารักและสยอง กันน้ำ สำหรับแต่งหน้าเล่นคอสเพลย์และตกแต่งโทรศัพท์กระเป๋าเดินทางแก้ว สติกเกอร์ติดผิวชั่วคราว กันน้ำ ลอกออกง่าย เหมาะสำหรับงานคอสเพลย์ฮาโลวีนและตกแต่งปาร์ตี้,H.Y MZ,฿18.00,美妆个护-美妆-纹身贴,12%,53119,169.9%,72800,2433389.9,2098818,2025-09-04 14:22:14,241260
ถุงมือสครับผิว Be Better ถุงมืออาบน้ำ,Be Better,฿129.00,美妆个护-洗浴与身体护理-洗澡工具,10%,53109,62.42%,123518,13408858.48,5788881,2022-06-29 17:01:00,617917
แผ่นมาส์กหน้า มาส์กหน้าSADOER มาส์กหน้า ยอดนิยม Mask face mask ตัวเลือกต่างๆ Skincare,Discount Mall Go,฿5.02,美妆个护-美容护肤-面膜,10%,52554,-76.07%,3925051,16720717.26,223880.04,2024-03-15 01:03:35,4513989
【PGM】 GMEELAN เจลผลัดเซลล์ผิวหน้า 50g. ช่วยทําความสะอาดอย่างล้ำลึก และคงความชุ่มชื่น,GMEELAN Skincare Store,฿65.98,美妆个护-美容护肤-洗面乳,1%,50893,-48.55%,294865,26780616.64,3005019.35,2024-06-28 23:17:16,1285211
MGI shop : เซรั่มทองคำ 24k จำนวน 1 ขวด,MGIshop,฿73.00,美妆个护-美容护肤-面部精华液,5%,50163,194.87%,134810,11427933.63,4344340,2025-04-23 11:00:21,4090804
【Live】คุชชั่นสุรีย์พร 1 ตลับ ราคาพิเศษ (มีให้เลือก 4 เฉดสี),มินิอายรีวิว,฿181.66,美妆个护-美妆-遮瑕与粉底,3%,49781,165.41%,70462,11827541,8002238,2025-07-04 22:35:02,3554720
IBLANC UNDERARM TONING : ไอบลองก์ อันเดอร์อาร์ม โทนนิ่ง Toner ผิว,iblanc Beauty Care,฿182.00,美妆个护-美容护肤-爽肤水、化妆水,15%,47778,0.74%,168931,27209444.34,7504584.84,2023-08-16 17:00:24,373231
（ซื้อ1แถม 1）HUNMUI มาส์กเจลลี่ กำจัดรูขุมขน  มาส์กโคลน,Silanya Lab,฿85.00,美妆个护-美容护肤-面膜,15%,47403,44.99%,83203,7033830.56,4029255,2025-08-22 09:55:11,241472
(1 แถม 1) Collagen Serum ยูมิโกะ  สกินแคร์ผิวหน้า,โรงงานทนายเก่ง,฿126.00,美妆个护-美容护肤-面部精华液,10%,47122,1.05%,346559,34520527.99,4947810,2023-11-01 00:38:14,1829127
【G04-G42】MILAI ขนตาปลอมกาวในตัว ติดง่าย ไม่ง้อกาว เรียงเส้นสวย เป็นธรรมชาติ มีให้เลือกถึง 15 ทรง,Milai Thailand,฿55.00,美妆个护-美妆-假睫毛与胶水,15%,46271,40.71%,108671,4779693.27,2128466,2025-06-11 12:11:16,168163
สติกเกอร์ฮาโลวีนน่ารักและสยอง กันน้ำ สำหรับแต่งหน้าเล่นคอสเพลย์และตกแต่งโทรศัพท์กระเป๋าเดินทางแก้ว สติกเกอร์ติดผิวชั่วคราว กันน้ำ ลอกออกง่าย เหมาะสำหรับงานคอสเพลย์ฮาโลวีนและตกแต่งปาร์ตี้,H.Y MZ,฿19.00,美妆个护-美妆-纹身贴,12%,45590,1761.58%,48039,2742306.6,2700677,2025-09-04 14:22:14,241260
【BCD】Glad2Glow Mugwort Salicylic Acid Acne Clay Stick+Volcano 3D Acid Pore Clay Stick+Pomegranate Niacinamide Brightening Clay Stick มากส์โคลนสำหรับผิวหน้า ทำความสะอาดรูขุมขนได้อย่างง่ายดาย Mask ใบหน้า Skincare,Glad2GlowThai,฿105.42,美妆个护-美容护肤-面膜,1%,44499,32.32%,97699,9353022.57,3976723.27,2025-04-01 06:44:21,836322
ThaiSmile ยาสีฟัน SP-10 ปรับปรุงกลิ่นปาก ลมหายใจสดชื่น ทำให้ฟันขาวขึ้น เหมาะสำหรับทั้งครอบครัว,ThaiSmile shop,฿103.92,美妆个护-鼻子口腔护理-牙膏,18%,44237,224.75%,171901,16430827.43,4046053.23,2024-12-28 03:15:41,273785
บีไวท์โลชั่น 3 IN 1 โทนอัพ กันแดด ชุ่มชื้น โทนอัพสำหรับผิวกาย ขนาด 150 ML.,BWHITE THAILAND,฿225.00,美妆个护-洗浴与身体护理-身体霜、乳,20%,44136,12.71%,140769,36245088.74,11083561.74,2025-03-31 11:11:39,198044
KARI Red Does 50X Intensive Formula โดสแดงเข้มข้นสูตรใหม่ 50X ขวดใหญ่ 1ขวด 500ml. [ตะกร้าบริษัท],เจ้าของแบรนด์คาริสกิน2,฿326.00,美妆个护-洗浴与身体护理-身体霜、乳,10%,43312,46.24%,133512,36487628,11367692,2025-04-17 07:22:02,242490
kARIOOO ขนตาปลอมมีกาวในตัว เส้นขนตาบาง ใส่สบาย ดูเป็นธรรมชาติ มีให้เลือก 18 ทรง KA01-KA18、KA50-55、KA60-65,KARIOOO-SHOP,฿69.00,美妆个护-美妆-化妆工具,10%,43117,29.93%,371757,21841312.28,2391637.88,2025-01-15 06:48:19,880422
น้ำอาบ RuiFeiShi น้ำหอม น้ำอาบสูตรล้างทรงเครื่อง บำรุงผิว ปกป้อง ผิว ผู้ชาย ผู้หญิง น้ำหอมหลากหลายสูตร (ดอกทิวลิป ดอกเชอร์รี่ ดอกโอริดเทีย) ขนาด 1.1 ลิตร（1548）,SANNY LEKE,฿61.00,美妆个护-洗浴与身体护理-沐浴露与香皂,20%,42910,44.28%,120233,6692226.34,2168610.36,2024-09-04 06:27:21,620291
Naturista เจลล้างหน้าทีทรี pH Balance 5.5 สูตรอ่อนโยน สำหรับคนเป็นสิว และผิวแพ้ง่าย Tea Tree Facial Cleanser 300ml,NaturistaTH,฿92.96,美妆个护-美容护肤-洗面乳,12%,42755,-3.29%,2185165,197347939.9,3427133.7,2022-10-25 00:18:21,3145736
Pinkflash UpNSet - แว็กซ์คิ้วแกะสลักกันน้ำ 2 in 1 พร้อมแปรง ติดทนนาน ย้อมสี ยกคิ้ว จัดแต่งทรงผม สบู่ แต่งหน้าคิ้ว สีดำใส สีน้ำตาล,PINKFLASH.TH,฿96.89,美妆个护-美妆-眉笔&眉粉&眉胶,5%,42505,483.22%,124088,10683013.27,3654165.48,2023-11-07 17:37:10,4406503
【Live】แป้งพัฟสุรีย์พร 1 ตลับ ราคาพิเศษ (มีให้เลือก 4 เฉดสี),มินิอายรีวิว,฿216.90,美妆个护-美妆-散粉,3%,41984,99.2%,64453,10178935,6482804,2025-07-05 00:15:35,3554720
[เฉพาะไลฟ์เจนนี่] เซต 2 ขวด โกลด์คาเวียร์ เซรั่ม GOLD CAVIAR SERUM (R),AmadoSVS,฿379.00,美妆个护-美容护肤-面部精华液,10%,41750,41749900%,52751,15888948.83,13378284,2024-08-31 14:59:46,188263
น้ำหอมติดทน น้ำหอมผู้หญิง 50ML กลิ่นคลาสสิค จัสมิน น้ำหอมดอกกุหลาบ นักเรียน นำหอมลาเวนเดอร์Women's,yibin shop,฿41.10,美妆个护-香水-男女通用香水,10%,41171,342.94%,104523,4449961.05,1467030.38,2025-02-22 03:49:52,532558
COD【ซื้อ 1 แถม 1】น้ำหอม  สำหรับผู้หญิง กลิ่นกุหลาบออสมันทัส ลาเวนเดอร์ การ์ดีเนีย กลิ่นหอมอ่อนๆ กลิ่นดอกไม้สดชื่น,MINGYU MALL,฿72.30,美妆个护-香水-女士香水,10%,40788,-6.48%,121388,8294160.26,2782632.41,2025-06-28 12:07:39,390081
ลดสนั่น! ริริโก๊ะ แอดวานชน์ รีคัฟเวอร์รี่เนียม RIRIKO ADVANCED RECOVERY SERUM - เซรั่มบำรุง,Kongnaphat,฿150.05,美妆个护-女性私密处护理-私密处清洁用品,8%,40547,87.83%,385894,104772629.3,5884531.38,2023-07-06 13:14:47,2688846
ZENDORI UV BABY POWDER แป้งฝุ่นอัดแข็งไม่ผสมรองพื้น เหมาะสำหรับผิวแพ้ง่าย สีชมพู เหลือง,Zendori,฿71.00,美妆个护-美妆-散粉,3%,40460,51.24%,91811,6094189.55,2622981.12,2024-09-05 12:21:31,127762
ออยล์บำรุงผิว กระจ่างใส Ness กลิ่นวานิลลาครัวซอง ผิวนุ่มชุ่มชื้นไม่เหนียวเหนอะหนะ (มีให้เลือก 2ขนาด),Ness herbal,฿185.40,美妆个护-洗浴与身体护理-保湿油、按摩油,15%,38648,-1.1%,189548,31780570.36,6523143,2025-03-04 03:46:54,541559
มอยส์เจอร์ไรเซอร์กาญจนา Moisture (ร้านเจ้าของแบรนด์),น้องมีน มาร์ค สมุนไพรกาญจนา,฿88.00,美妆个护-美容护肤-保湿乳液、乳霜与喷雾,10%,38531,2.38%,185431,15313043.59,3043949,2025-05-03 23:19:07,203476
20 ชิ้น/แพ็ค ผ้าอนามัยแบบกางเกง ichi ผ้าอนามัยกางเกง อัปเกรดผ้าอนามัยระบายอากาศได้ 360° ระบายอากาศได้ดี ใช้ได้ทั้งกลางวันและกลางคืน ขนาด M-XL,ichi TH,฿93.68,美妆个护-女性私密处护理-卫生巾,10%,38427,29.13%,101953,9273074.72,3398212.95,2025-06-12 08:22:34,2402466
โปรโมชั่นสุดคุ้ม (ซื้อ 1 แถม 1 )FEALI ครีมนมแพะ 5X Pro-Xylane Moisturizing Cream บำรุงผิวหน้าให้ชุ่มชื้นและเรียบเนียน พร้อมส่วนผสมของโปร-ไซเลนและไนอาซินามายด์ ซื้อ 1 แถม 1 โปรโมชั่นสุดคุ้ม,FEALI.TH,฿162.40,美妆个护-美容护肤-保湿乳液、乳霜与喷雾,10%,38023,33.79%,480190,67354863.46,5200108.73,2023-12-19 16:55:40,684341
สครับพะพิม แพ็คเก็จใหม่ (2 แถม 1) 400กรัม/1ถุง,เจ้าของแบรนด์ พะ พิม,฿115.00,美妆个护-洗浴与身体护理-身体磨砂膏、去角质,10%,37949,-9.9%,241172,23118271.52,3740604,2024-12-01 21:01:59,1686163
**เฉพาะไลฟ์คุณอั้ม+คุณเจนนี่** Madame Fin น้ำหอมGlam2025  ขนาด50ml. 1 ขวด + น้ำหอมมาดามฟิน 1 ขวด(คละ) + โลชั่นขนาด 100ml 1 หลอด(คละ) + โรลออน ขนาด50ml. 2 ขวด(คละ),Madamefin,"฿1,356.00",美妆个护-香水-男女通用香水,10%,37518,37517900%,39120,46634854,42389248,2025-10-14 20:10:33,2994169
Madame Fin น้ำหอมมาดามฟินรุ่นคลาสสิคขนาด 10 ml. 2 ขวด + สบู่30กรัม(คละ) 1 ก้อน,Madamefin,฿397.56,美妆个护-香水-男女通用香水,10%,37125,-7.49%,266325,93750182.35,11452018.42,2024-02-21 01:30:53,2994169
ลดสนั่น! LAB SMILE DENTAL แลบสไมล์ เด้นทอล ยาสีฟันสูตรพรีเมี่ยม,Kongnaphat,฿184.31,美妆个护-鼻子口腔护理-牙膏,7%,36986,-14.29%,453120,74797523.34,6674855.05,2023-10-21 11:00:44,2688846
【BCD】Glad2Glow Milk Brightening Cleanser/Acid Acne Gel Cleanser คลีนเซอร์เจล กรดซาลิไซลิค เซนเทลลา สำหรับผิวเป็นสิว/Blueberry Gel Cleanser เจลคลีนเซอร์ บลูเบอร์รี่/Acid Exfo Smooth Peeling Gel  แอปริคอท ไกลโคลิค แอซิด เอ็กซ์โฟ สมูท พีลลิ่ง เจล,Glad2GlowThai,฿105.69,美妆个护-美容护肤-洗面乳,4%,36590,116.14%,64290,6333303.48,3463925.62,2025-04-07 00:08:53,836322
BLAHMBOOH น้ำตบไมโครเอสเซนส์ (ขนาด 100 ml.) [น้ำตบปลุกผิว] เหมาะกับผู้มีปัญหารูขุมขนกว้าง ผิวหน้าไม่เรียบเนียน ไม่กระจ่างใส ไม่อิ่มฟู,blahmboohthailand,฿404.00,美妆个护-美容护肤-面部精华液,15%,36587,290.26%,91009,41672287.12,13555766,2022-08-19 02:36:00,604074
PALA รองพื้น กันน้ำ เนื้อบางเบา ปกปิดระดับกลาง สิว ฝ้ากระจุดด่างดำ SPF50+PA+++ ขนาด 30g. Soft Mist Long-Lasting Liquid Foundation เครื่องสำอาง ผู้หญิง Cosmetics แบรนด์ไทย มีอ.ย. Women ผิว,pala makeup,฿132.00,美妆个护-美妆-遮瑕与粉底,23%,36357,-12.15%,235057,25704679.07,4218551,2024-06-05 14:13:07,962157
ไม่ต้องกัดสีผมค่ะ2025 สินค้าฮอตในSTYLE FIT สีย้อมผม ยาย้อมผม 100ml ครีมย้อมผม อ่อนโยนไม่ปิดกั้นทำสีง่า，ฟรีอุปกรณ์ทำสีผม,KLAOSSASHOP,฿72.00,美妆个护-头部护理与造型-染发用品,15%,36282,-15.82%,403328,29129302,2338169,2024-10-29 00:35:15,772204
[New package] เซรั่มรากโสมมุนอา 문아 MUN-A SERUM เซรั่มรากโสม มุนอา เกาหลี บำรุงผิวหน้า 15 ml.,muna.soul,"฿1,353.00",美妆个护-美容护肤-痘痘、粉刺护理,12%,35814,43.11%,138282,97723831,38959812,2025-01-07 14:02:22,202066
[ราคาพิเศษ 3 วันเท่านั้น] Svn SOFT BLURRING 12/3 COLOR DOUBLE EYE PALETTE : HF620,SIVANNA_COLORS_TH,฿140.11,美妆个护-美妆-眼影,10%,34801,49.8%,132943,16676712.03,4441218.88,2024-09-24 09:31:04,362564
"คอนแทคเลนส์สี, แม่ทัพ, QUEEN Series, ธรรมชาติ, ครึ่งปี, 14.0 มม., สีน้ำตาล / เทา, เลนส์นุ่ม, พร้อมกล่องใส่เลนส์ฟรี, [ไม่มีแหวนและ COD]",Magister,฿81.00,美妆个护-眼镜耳朵护理-隐形眼镜,5%,34783,-5.18%,137583,9165842.2,2325428,2025-04-12 13:48:09,260062
[บริษัทโดยตรง] JOSE Body Cream ครีมโจเซ่ บำรุงผิวกาย ขนาด 250 กรัม (แพคเกจใหม่),JOSE Thailand,฿190.00,美妆个护-洗浴与身体护理-身体霜、乳,15%,34449,-1.73%,677437,121363505.1,6166371,2023-11-16 10:08:19,2551589
(โปรไลฟ์) ยาสีฟันพี่ฝน ทิสมา 1 แถม 1 หลอด แบรนด์ฝนดอกไม้,ฝนดอกไม้,฿320.00,美妆个护-鼻子口腔护理-牙膏,10%,34428,522.34%,462000,89294396.75,5708186.15,2023-03-11 21:41:08,6624976
( พร้อมส่ง ) น้ำตบ เคโอริช  Multi Essence Ko Rich,korich,฿111.00,美妆个护-美容护肤-面部精华液,-,33844,192.39%,175832,26846771.6,2272645.81,2023-04-28 22:45:05,8370027
มาร์คหน้าพะพิม(2กระปุก 100บาท),เจ้าของแบรนด์ พะ พิม,฿107.00,美妆个护-美容护肤-面膜,10%,33801,286.21%,57400,5736026,3380100,2025-03-19 06:20:17,1686163
แฮร์โทนิค 1 ขวด(35 ml.) แถม แฮร์โทนิค 1 ขวด (35 ml.) แถมที่ปัดคิ้ว 1 อัน โทนิคเซรั่ม เหมาะสำหรับผู้ที่อยากมีผม หนวด คิ้ว ปลูก ส่งฟรี แฮร์โทนิคชบาสูตรใหม่ ชบาแฮร์โทนิค,Chaba168,฿285.00,美妆个护-头部护理与造型-脱发产品,25%,33738,42.96%,812501,273209996.8,8568450,2022-09-27 02:28:27,1374189
ลิปดูโอ้ ฉ่ำ จูบไม่หลุด | KATHY AMREZ LIP DUO MATTE & SHINE FIX,Kathy Cosmetics,฿283.58,美妆个护-美妆-口红与唇彩,15%,33730,197.34%,141755,34036140.05,8221437.96,2024-11-27 21:01:51,3967577
สบู่ทิพย์สุฟอกผิวกาย[สูตรใหม่ARBUTIN+AHA]ขจัดคราบครีม&ขี้ไคลTHIPSU ARBUTIN CLEANSING SOAP,THIPSทิพย์สุ1,฿173.00,美妆个护-洗浴与身体护理-沐浴露与香皂,13%,33616,3864.15%,34464,5478936,5344944,2025-09-29 20:45:11,1164744
[BCD] Amortals ฟองน้ำล้างหน้า รุ่น Wash to smile ฟองน้ำรังผึ้ง ทำความสะอาดสิ่งสกปรกบนใบหน้า ดีไซน์แบบรังผึ้ง สามารถล้างมาร์กโคลนได้ง่าย สะอาดแต่ยังคงอ่อนโยนต่อผิว,Amortals Thailand,฿194.42,美妆个护-美容护肤-面部护理工具,11%,33498,66.91%,80811,12702248.99,5231567.83,2025-03-15 21:41:53,286131
【COD】【สินค้าจุด】TODDA ครีมหมักผม ครีมยืดเคราติน เคราตินบำรุงผม 500g ซ่อมแซมผมระดับซาลอน ไม่ต้องอบไอน้ำ ทรีทเม้นเครติน ครีมหมักผมเสีย ชุ่มชื้น haircare,TODDA Thailand,฿73.00,美妆个护-头部护理与造型-头发与头皮养护,13%,33406,2155.64%,37718,2602542,2305014,2025-09-24 07:17:48,88951
โปร11.11  โดสไฮโดร 100 ml. 2 ขวด (ชุดที่1) แถมมอยเจอร์ไรเซอร์ 30 กรัม 1 กป. #2511001	,Bungtee shop,฿890.00,美妆个护-洗浴与身体护理-身体霜、乳,10%,33257,24353.68%,45500,17299968.35,11967950,2024-08-04 08:38:37,286219
"【ยอดขายอันดับ1】ขนตาปลอม UWN ไร้กาว กาวในตัว เส้นขนตาเรียวยาว ดูเป็นธรรมชาติ พร้อมของแถมฟรี 1 ชิ้น ยอดขาย 1,000,000+ชิ้น สวยแบบไม่ฝืน",UWN Direct,฿60.52,美妆个护-美妆-假睫毛与胶水,18%,33137,8.5%,98821,5521501.45,1843854.29,2025-06-19 16:01:23,1052236
ครีมเอ็นเค ออร่าไวท์ กล่องดำ         1     กระปุก,เอ็นเคครีมขาวกุ๊กไก่ช่องบริษัท,฿286.00,美妆个护-洗浴与身体护理-身体霜、乳,15%,33076,9.07%,587087,88354442.2,4904029,2024-03-24 15:35:33,1142740
เชอครีม 1 ซองบรรจุ 7 กรัม 1 กล่องมี 5 ซอง,Choe thailand,฿100.00,美妆个护-美容护肤-保湿乳液、乳霜与喷雾,5%,32830,-22.7%,151728,15200483,3278795,2025-01-31 00:23:44,225795
[เจลรอยสิว] D.Dee รอยสิว หลุมสิว แผลเป็น,D.DEE,฿192.15,美妆个护-美容护肤-痘痘、粉刺护理,10%,32721,52.25%,78567,13544179,5904214.8,2025-02-06 21:05:29,243895
ซื้อ 1 แถม 1 รองพื้น SADOER บีบีครีม ครีมกันแดดหน้า SPF50+pa+++คอนซีลเลอร์ แบบน้ำ ครีมรองพื้น ปกปิดดี,shuizhenzhen,฿72.00,美妆个护-美妆-BB霜与CC霜,10%,32500,263.05%,127300,8853826.15,2232942.56,2024-05-04 18:44:44,1767550
"ซื้อ 1 แถม 1 โปรโมชั่น แปรงอาบน้ำนวดด้ามยาว, แปรงขัดผิวพร้อมขนแปรงนุ่ม, สำหรับขัดและขัดหลังง่าย",Hana.Shop80,฿69.00,美妆个护-洗浴与身体护理-洗澡工具,10%,31823,40.95%,89423,5292733,1877557,2025-06-09 05:52:18,471051
วิตามินใต้ตา (Intensive concentrate retinol eye cream ),YerpallThailand,฿415.00,美妆个护-美容护肤-眼部护理,15%,31586,230.26%,58086,21753284,11658880,2025-06-23 21:22:21,2332667
สครับมะขามกาแฟ เนื้อมูส 650 กรัม 1 free1 (LABSOAP) สครับ - Scrub ขัดผิว,lab soap,฿201.00,美妆个护-洗浴与身体护理-身体磨砂膏、去角质,10%,31427,-25.22%,645529,110570079.5,5345065.25,2023-03-12 22:01:59,1809989
(ใหม่) อายแชโดว์มูส มักเน่ Makne Mousse Eyeshadow  สีชัด ติดทน x Multiverse Eyeshadow,makne cosmetics,฿144.00,美妆个护-美妆-眼影,15%,31369,124.92%,519313,50450235.73,3017095,2024-04-04 00:17:14,854741
บลัชมูสมักเน่ ไฮยามูสบรัช  Makne Hya Mousse Blush สีชัดติดทนนาน 3 in 1 ทาแก้ม ตา ปาก,makne cosmetics,฿83.00,美妆个护-美妆-腮红,13.5%,30511,44.29%,95235,8672347.5,2640789,2024-03-07 20:25:31,854741
[ 1แถม1 ] สบู่มนตรา 1 ก้อน แถมกำไลมงคล 1 กล่อง(กำไลคละสี),B&M หมวยมนตรา,฿101.00,美妆个护-洗浴与身体护理-沐浴露与香皂,10%,30316,1937.37%,32074,3282557,3004684,2025-08-24 18:08:30,279243
ยาสีฟันแบรนด์พรทิน่า 3 ตลับ แถม น้ำยาบ้วนปาก 1 ทั้งหมด 4 ชิ้น,พรทิพย์ พรทิน่า,฿169.00,美妆个护-鼻子口腔护理-牙膏,10%,30040,-19.61%,107465,16713270,4601775,2025-07-13 14:46:55,997517
barenblis No Gravity Transferproof Matte Lipstick ลิปแมท บางเบาไม่หนักปาก กันน้ำ ติดทน ไม่ติดมาสก์ จูบไม่หลุด คงความชุ่มชื่น,barenbliss_th,฿219.75,美妆个护-美妆-口红与唇彩,10%,29869,55.16%,255653,48023606.22,5400261.42,2024-09-07 00:19:13,1198252
(ซื้อ 1 แถม 1) OUKEYA ลิปสติก เนื้อแมตต์กํามะหยี่ เนื้อนุ่ม,Oukeya Thailand Shop,฿91.00,美妆个护-美妆-口红与唇彩,20%,29854,-6.19%,1080077,80573524.09,2358466,2024-07-02 14:07:47,4151276
(ซื้อ 1 แถม 1) OUKEYA มิลเลอร์ ลิปกลอส OUKEYA MIRROR LIP GLAZE,Oukeya Thailand Shop,฿70.00,美妆个护-美妆-口红与唇彩,10%,29680,-12.38%,371780,21968372.17,1751120,2024-07-04 14:07:52,4151276
แป้งเซริเซ่ Se Ri Se แป้งนางงาม 1แถม1,พี่ซีขายถูก,฿72.00,美妆个护-美妆-遮瑕与粉底,10%,29434,519.66%,1042525,68612632.15,1999515,2024-01-09 06:01:50,1701033
ครีมรักแร้คามู - แบรนด์บียอน,Noom341,฿289.00,美妆个护-洗浴与身体护理-身体除臭&防汗剂,20%,29246,1.71%,391277,103471405.5,7867174,2023-06-24 17:00:10,2599538
ยาสีฟัน Botanical White จำนวน 2 หลอด แบรนด์พรทิน่า,พรทิพย์ พรทิน่า,฿203.00,美妆个护-鼻子口腔护理-牙膏,10%,29238,49.91%,75867,14957998.44,5778075,2024-09-28 07:37:29,997517
KATHY AMREZ เคธี่ 3บี ครีม โกลด์ 5 กรัม. [ไม่มีแปรงแถม],Kathy Cosmetics,฿196.83,美妆个护-美妆-遮瑕与粉底,15%,29126,55.99%,193434,33777310.78,5029440.98,2024-12-04 21:10:30,3967577
อายไลเนอร์เจล 2 in 1 JMCY บางและติดทนนาน กันน้ำ กันรอยเปื้อน เม็ดสีเข้มข้น ปลายแม่นยำ สำหรับดวงตาคมชัด สวมใส่ได้ตลอดทั้งวัน ราคา 79 บาท,JMCY Beauty.TH,฿94.00,美妆个护-美妆-眼线笔与唇线笔,10%,29113,41.19%,76955,7483280.57,2387317,2025-04-09 08:47:39,248118
ฟินแฮง Fin Hang เครื่องหอม,นาริตะ แบรนด์ ช่องจริง,฿422.00,美妆个护-香水-香水套装,2%,28993,28992900%,29164,2260149.59,2246640.59,2025-10-09 13:03:29,119517
MAYBELLINE SUPERSTAY MATTE INK เมย์เบลลีน ลิปจิ้มจุ่มเนื้อแมท ซุปเปอร์สเตย์ แมท อิ้งค์ ลิควิดลิปสติก 5ml,Maybelline TH,฿243.00,美妆个护-美妆-口红与唇彩,7%,28633,65.46%,101881,24569754.25,7022397,2022-06-29 16:49:56,1627473
(ซื้อ 2 แถม 2) OUKEYA ดินสอเขียนคิ้ว 2 in 1 แบบหมุนอัตโนมัติ สีชัด เขียนง่าย ติดทนนาน พร้อมแปรง,Oukeya Thailand Shop,฿64.00,美妆个护-美妆-眉笔&眉粉&眉胶,15%,28630,-50.31%,165930,9789870,1689170,2025-05-17 18:15:08,4151276
!!Buy one get 5 free!!   อายไลเนอร์ กันน้ํา เรียบเนียน ใช้ง่าย เม็ดสีสูง มืออาชีพ ติดทนนาน แต่งหน้า B129 Cosmetic Cosmetics,LumineeBeauty TH,฿34.00,美妆个护-美妆-眼线笔与唇线笔,10%,28505,4374.88%,36963,1048444.71,833308.69,2024-12-20 04:25:08,1363053
LYO  แชมพูสมุนไพร ผลิตภัณฑ์ดูแลเส้นผมไลโอ สูตรอัญชันและสูตรมะกรูด ปริมาณ 200 มล. ถนอมเส้นผม Shampoo,เลมอนเนตช็อป,฿134.12,美妆个护-头部护理与造型-洗发护发,11%,28088,49.44%,403831,30985947.56,3421144.16,2024-09-27 08:00:36,560533
[เจ้าของแบรนด์]2 แป้งพัฟออร่าริช / (แป้งเจนี่ เทียนฯ) AURA RICH PERFECT POWDER FOUNDATION SPF 50 PA++++,CEO Aura Rich,฿306.00,美妆个护-美妆-散粉,20%,27837,50.74%,251537,65374739.72,7495155.71,2023-09-02 11:13:23,857020
(ลิปทินท์ทิ้งสเตน) Gala Camille Spinning Lubric Lip 1.8 g.,Gala Camille,฿139.00,美妆个护-美妆-口红与唇彩,7%,27660,55.01%,306660,37640100.42,2438150.91,2024-02-19 15:03:43,1013629
"คอนแทคเลนส์สี, ชุดโรเซ่, ดูเป็นธรรมชาติ, ครึ่งปี, 14.0 มม., สีน้ำตาล/เทา, เลนส์นิ่ม, [COD], มามากเตอร์",Magister,฿62.00,美妆个护-眼镜耳朵护理-隐形眼镜,5%,27640,16.49%,72800,4137173,1564000,2025-06-04 02:26:44,260062
(Official) มาร์คแบบซอง ริซเซ่มาร์คบูสเตอร์สกิน Rich’se mask booster ปริมาณ 5 กรัม skincare,RICHSEUP ริซเซ่,฿154.00,美妆个护-美容护肤-面膜,10%,27109,600.67%,84009,10364053.32,2231643.7,2025-03-24 01:41:13,509589
วาสลีน โปร เดอร์มา บอดี้ โลชั่น ครีมบำรุงผิวกายสูตรเข้มข้น 465 มล. (เลือกสูตรด้านใน) Vaseline Pro Derma Body Lotion 465 ml.,Vaseline Thailand,฿430.00,美妆个护-洗浴与身体护理-身体霜、乳,10%,27011,7.82%,269311,97318234.33,9265471.39,2024-07-12 13:10:20,2077075
ลิปมินิแมท จูบไม่หลุด | KATHY AMREZ MINI MATTE LIGHT LIP,Kathy Cosmetics,฿115.81,美妆个护-美妆-口红与唇彩,15%,26839,142.43%,272149,29599257.18,3075911,2024-07-15 01:18:39,3967577
MizuMi Smooth Cleansing Water 500ml คลีนซิ่งวอเตอร์ สลายเมคอัพ สัมผัสนุ่มลื่น,Mizumi,฿258.34,美妆个护-美妆-卸妆,8%,26810,-0.52%,218110,47343605.54,5608344.54,2022-06-29 21:45:22,2396644
NORA COLLAGEN PLUS+ FACIALMASK มาร์คหน้าคอลลาเจนโนร่า 1แคปซูล,NORATHAILAND,฿97.00,美妆个护-美容护肤-面膜,10%,26785,68.31%,141300,12575700,2327865,2023-10-26 21:00:08,822463
สครับพะพิม แพ็คเก็จใหม่ (3 แถม 2) 400กรัม/1ถุง,เจ้าของแบรนด์ พะ พิม,฿177.00,美妆个护-洗浴与身体护理-身体磨砂膏、去角质,8%,26702,11.61%,160302,25066251.01,4031076,2025-03-29 11:33:11,1686163
ซิโอร่า คอลลาเจน เซรั่ม 5 ขวด - Ciora Collagen Serum  - (ส่งตรงจากโรงงาน),ซิโอร่า มอลล์,฿114.00,美妆个护-美容护肤-面部精华液,15%,26586,292.3%,34377,3403323,2632014,2025-08-18 04:44:38,234991
[บริษัทโดยตรง] โปรคู่ JOSE EXTRA WHITE BODY 1 กระปุก และ JOSE Body Cream 1 กระปุก ขนาด 250 กรัม,JOSE Thailand,฿348.00,美妆个护-洗浴与身体护理-身体霜、乳,15%,26514,-7.76%,181514,56446232.63,8457966,2025-02-24 19:13:27,2551589
บูสเตอร์ผิวดารา Creamy Whitening Gluta body Booster (แบรนด์ญาจิน่า) ครีมทาผิวสารสกัดนำเข้าจากเกาหลี กระปุกใหญ่ขนาด250กรัม,มด ญาจิน่า,฿348.00,美妆个护-洗浴与身体护理-身体霜、乳,15%,26512,1459.53%,28764,7827646,7342560,2025-05-09 18:11:12,1338975
【WOSADO】 ที่ดัดขนตาให้งอน ใช้ได้กับทุกรูปทรงตา หนีบครั้งเดียวก็งอนทันที,WOSADO.TH,฿84.37 - 278.00,美妆个护-美妆-化妆工具,10%,26493,-0.42%,511994,39119040.98,1949478.48,2023-08-10 18:00:31,1120440
เอลิน่าสครับ สูตรกาแฟมะขาม (1กระปุก 500กรัม) (สูตรเข้มข้นไม่มีส่วนผสมของเกลือ) Alinascrub,เอลิน่าสครับช่องเจ้าของแบรนด์,฿109.00,美妆个护-洗浴与身体护理-身体磨砂膏、去角质,10%,26472,12.82%,126743,71707023.95,2709048,2024-11-14 14:24:02,194602
(โปรน้ำหอม 11.11 ไลฟ์พิมรี่พาย) น้ำหอมบองซัวร์ Bonsoir Perfume Spray 22 ml. น้ำหอม ผู้หญิง ผู้ชาย ยอดฮิต ขายดี เย้ายวน สปอร์ต สะอาด สดชื่น ของแท้,BONSOIR,฿71.00,美妆个护-香水-男女通用香水,5%,26386,-25.02%,102700,5605382.14,1486815.74,2024-12-12 13:12:58,121588
ลิปกลอส BOQILYNE ติดทนนาน กันน้ำ กันเหงื่อ เนื้อแมตต์ ไม่หนักปาก ลิปสติกและลิปกลอส,BOQILYNE Beauty.TH,฿95.42,美妆个护-美妆-口红与唇彩,10%,26374,25.46%,176174,14535404.73,2189671.14,2024-11-28 18:47:47,571922
[ตะกร้าหลัก] FULI กัวซาไฟฟ้า เครื่องนวดยกกระชับปรับรูปหน้า,FULICO.TH,฿865.59,美妆个护-美容、个护电器-按摩器,12%,26253,1908.65%,83586,73173131.26,20145045.79,2023-06-15 13:35:52,176258
ปากกาตราอายไลเนอร์ แบบบูรณาการ แม่นยำ ติดทนนาน กันรอยเปื้อน แห้งไว ปากกายางอายไลเนอร์,JIYKOL,฿70.00,美妆个护-美妆-眼线笔与唇线笔,15%,26117,36.6%,103117,7725451.37,1687591,2025-05-28 23:14:45,694916
[เจ้าของแบรนด์]1 แป้งพัฟออร่าริช / AURA RICH PERFECT POWDER FOUNDATION SPF 50 PA++++,CEO Aura Rich,฿238.01,美妆个护-美妆-散粉,20%,25828,9.78%,157228,40633972.88,7356184.35,2023-04-28 02:09:39,857020
Pretty Girl Serum เซรั่มพริตตี้เกิร์ล,Pretty Girl Thailand,฿79.00,美妆个护-洗浴与身体护理-身体霜、乳,1%,25700,628.46%,37100,4248780,2030300,2024-01-29 19:24:00,359358
ลูน่าอายครีมLUNA JELLY EYE CARE  10 g. (หัวนวดเก็บความเย็น),LUNATHAILAND,฿218.00,美妆个护-美容护肤-眼部护理,15%,25538,104.5%,778052,222223845.8,4854762,2023-01-20 14:21:30,1064971
【 ทั้งชาย และหญิง 】AIKERRSU สูดอากาศ ซึมซับได้2000ML ผ้าอ้อมผู้ใหญ่ แบบแปะเทป ผ้าอ้อมบางเฉียบ ผ้าอ้อมผู้ใหญ กันรั่วซึม ผู้สูงอาย M/L/XL แพมเพิส ผู้สูงอายุ,Rainbow baby ya,฿80.60,美妆个护-特殊个护-成人纸尿裤,8%,25342,-1.2%,197765,14225314.71,1766996,2024-09-08 01:06:11,242073
SAFEMILD แชมพูสูตรสมุนไพรโบราณ สืบทอดจากปู่ย่า-yb-5 สำหรับการบำรุงผมด้วยส่วนผสมธรรมชาติ ขนาด,hanet Singhchu,฿485.00,美妆个护-头部护理与造型-脱发产品,6%,25300,25.5%,47100,20339480,11258500,2025-08-19 01:37:47,81800
ยาสีฟันขิงขิง 1 แถม 1 - แบรนด์บียอนด์.,Noom341,฿286.00,美妆个护-鼻子口腔护理-牙膏,20%,25180,34.62%,221600,57614660,6750188,2023-09-09 11:03:02,2599538
เบส ทาหน้า เคโอริช Beige Aura Cream Korich,korich,฿95.00,美妆个护-美容护肤-脸部防晒霜与晒后修复,-,25178,54.3%,140755,13222903,1018075,2024-07-06 15:15:25,8370027
FULUKO Mild Cleansing Water 500ml ทำความสะอาดและลบเครื่องสำอางโดยไม่ระคายเคือง เมคอัพ เครื่องสำอางที่เหมาะกับผิวเป็นสิวและผิวมัน  รีมูฟเวอร์ เหมาะสำหรับทำความสะอาดผิวแพ้ง่ายอย่างล้ำลึก คลีนซิ่ง  บาล์ม,FULUKOofficial,฿94.10,美妆个护-美妆-卸妆,9%,25093,-15.99%,229193,19768203.57,2045782.07,2024-01-11 19:24:41,296670
กันแดด พส.จีนโซมี่SPF 50 PA+++,Yatawee Shop,฿167.00,美妆个护-美容护肤-脸部防晒霜与晒后修复,13.42%,25034,104.74%,62581,9728679,4096840,2025-07-16 21:29:01,939151
(ซื้อ 1 แถม 1) OUKEYA บลัชออนเนื้อฝุ่นและเนื้อครีม สีชัด ติดทน แก้มเนียนสวยดูอ่อนเยาว์ เบอร์พิเศษเปลี่ยนสีตามอุณหภูมิ,Oukeya Thailand Skincare,฿77.31,美妆个护-美妆-腮红,15%,25004,-24.91%,586339,44235291.9,1799234.26,2024-08-14 17:33:10,781918
( พร้อมส่ง ) ลิปบาล์ม เคโอริช HYA LIP BALM KO RICH,korich,฿393.00,美妆个护-美妆-口红与唇彩,-,24936,20.39%,479442,58392872.24,8546895,2023-01-18 02:00:47,8370027
(1แถม1) ICELERSKIN Acne Serum with  Cotton swab Acne Plus Drying Lotion - Acne Wash Skincare Salicylic Acid ใช้ได้กับสิวทุกประเภท,ICE LERSKIN.TH,฿221.00,美妆个护-美容护肤-面部精华液,10%,24931,49.72%,261893,47158173.49,4555853.78,2024-09-30 04:21:33,559010
แปรงจัดแต่งทรงผมขนหมูป่าแท้  ช่วยลดอาการผมพันกัน พร้อมกับซีกหวีไนลอนนวดหนังศรีษะ  แปรงจัดแต่งทรงผมป้องกันไฟฟ้าสถิตย์,Janxom,฿60.00,美妆个护-头部护理与造型-不插电造型工具,11%,24675,88%,100375,5449820.15,1280385.75,2024-08-15 12:13:19,757095
สติ๊กเกอร์ติดเล็บ แบบบาง ราคาถูกส่งจากไทย สติ๊กเกอร์ติดเล็บ อบไม่ได้,TwoMoons,฿13.40,美妆个护-手足及指甲护理-指甲油,7%,24653,218.89%,62553,820915.11,316227.8,2024-06-06 17:05:25,208136
[สูตรใหม่ล่าสุด] ครีมโสม รีจู วิงค์ อัพ Gingseng Reju Wink Up Cream ฟาวเดอร์สกิน Founderskin ขนาด 15 กรัม,FounderskinOfficial,฿187.00,美妆个护-美容护肤-保湿乳液、乳霜与喷雾,10%,24425,89.33%,207528,31016225.4,4454461.72,2024-03-16 10:35:23,1256929
【QUSTERE】เทปซิลิโคนแผลเป็น คุณภาพระดับมืออาชีพ เหมาะสำหรับแผลเป็นทั้งใหม่และเก่า ใช้ซ้ำได้,QUSTERE-TH,฿191.00,美妆个护-洗浴与身体护理-身体护理套装,8%,24366,54.65%,41666,6790961,3885518,2025-07-19 03:49:31,51180
มาส์กยกกระชับรูปตัววี ใช้ซ้ำได้ ยืดเส้นโค้งคางสองชั้น กระชับคาง และทำให้ใบหน้าเรียวบาง มาส์กดูแลผิว ไร้รอยต่อ เครื่องมือยกกระชับรูปตัววี,LNINI.TH,฿77.40,美妆个护-美容护肤-面部护理工具,10%,24096,38.28%,82996,6297253.76,1712709.6,2025-04-14 13:35:12,121269
D Plus Skin - สบู่ HYA PLUS ALLANTOIN 1 ก้อน 80 กรัม Cleansing ด้วย Allantoin และ Hyaluronic Acid สำหรับผิวทุกสภาพ ปราศจาก พาราเบน และแอลกอฮอล์,ก้งคน101,฿93.00,美妆个护-美容护肤-面部护理套装,7%,23980,-15.41%,189605,16610480.88,2038300,2024-06-03 21:03:28,1111760
Madame Fin น้ำหอมSensuous ขนาด 15 ml. 1 ขวด + สบู่30กรัม(คละ) 1 ก้อน,Madamefin,฿343.00,美妆个护-香水-男女通用香水,10%,23701,208.09%,50101,15784294.28,7252506,2024-02-21 01:30:53,2994169
ผ้าอนามัยผ้าฝ้ายออร์แกนิก แบรนด์ HanQi นำเข้าใหม่ 40 ชิ้น แบบกางเกง ไซส์เดียวและ 3XL น้ำหนักเบา ระบายอากาศได้ดี,Hanqi Import,฿173.60,美妆个护-女性私密处护理-卫生巾,8%,23665,218.89%,42565,6817483.64,3678198.06,2025-07-17 22:08:15,74033
กันแดด พส.จีน โซมี่ SPF50 PA+++  ( ไลฟ์),Yatawee Shop,฿159.00,美妆个护-美容护肤-脸部防晒霜与晒后修复,13.42%,23546,30.31%,59700,8736871,3464753,2025-07-16 21:29:01,939151
[พร้อมส่งจากไทย] 1กล่องx10ชิ้น COLORKEY LUMINOUS FACIAL MASK แผ่นมาส์กบำรุงผิวหน้า 4 สูตร โปรวิตามิน B5 พลัส,COLORKEY THAILAND,฿159.00,美妆个护-美容护肤-面膜,8%,23457,82.84%,47957,7636569.34,3729663,2025-05-30 14:49:58,281484
Dr.PONG ACNE ACE Longwear Cushion คุชชั่นฟิล์ม ผสานเทคโนโลยีกันน้ำ,drpongshop,฿420.95,美妆个护-美妆-遮瑕与粉底,5%,23400,2008.11%,146200,56564405.9,8250078.8,2023-11-14 10:35:34,5006906
NISA โสมนิศา โลชั่นบำรุงผิวกายกลิ่นหอม สำหรับผิวกายแบบกระปุก ครีมบำรุงเข้มข้น ใช้เป็นประจำก่อนนอน รหัสจดแจ้ง 21-1-6800034670,ฟ้านิศาชล,"฿268.00 - 111,059.00",美妆个护-洗浴与身体护理-身体霜、乳,5%,23333,39.46%,45166,11076762.7,5762340.16,2023-01-17 06:10:29,79291
LYO ไลโอ ผลิตภัณฑ์ดูแลเส้นผม สูตรอัญชันและสูตรมะกรูด ปริมาณ 200 มล. แชมพู Shampoo ถนอมเส้นผม Hair มะพร้าว บำรุง,GgZThailand,฿137.29,美妆个护-头部护理与造型-洗发护发,10%,23232,14.22%,363853,24851395.85,2756466.8,2024-09-27 02:37:00,1261349
(แพ็ค 6 ขวด) Sunsilk ซันซิล แชมพู 60 มล. ครบสี,PSTSHOP,฿81.00,美妆个护-头部护理与造型-洗发护发,1%,23210,80.13%,231510,16909091.49,1679669.9,2024-02-16 15:41:19,898830
มาสคาร่าคิ้ว สามมิติ เรียบ สีน้ำตาล กันน้ำ กันเหงื่อ ติดทนนาน ไม่จางหาย,Maykong Beauty TH,฿29.00,美妆个护-美妆-睫毛膏,11%,23201,2.1%,139282,3804362.44,618984.94,2024-03-18 03:13:56,1634649
SKYEYE S10-แหนบขนตา ใช้งานได้หลากหลาย คีบหนีบได้แม่นยำ คนมือสั่นก็ใช้ได้อย่างมั่นใจ เครื่องสำอาง,SKYMI.Official,฿83.00,美妆个护-美妆-化妆工具,15%,23200,42.78%,228300,17857296.49,1600800,2024-09-15 05:06:08,692205
ANNYEONG E อันยองอี วิตามิน พลัส 10 กรัม Annyeong E Vitamin plus,Annyeong E Thailand,฿259.22,美妆个护-美容护肤-痘痘、粉刺护理,15%,23107,260.48%,505039,128208586.1,6048409.06,2024-02-09 16:46:33,662911
[ซื้อ 10 แถม 10]SADOER Mask แผ่นมาส์กหน้า นักเรียน ผู้ชายและผู้หญิง ฤดูใบไม้ร่วงและฤดูหนาว ให้ความชุ่มชื้น   มาส์กหน้า หมอง คล้ำ ให้ความชุ่มชื่นและดูแลผิวอย่างส้ำล็ก มาสกหน้า ยอดนิยม,JULYJAR,฿73.15,美妆个护-美容护肤-面膜,16%,23070,32.27%,104670,7474933.07,1575850.24,2025-01-04 20:03:59,4732816
เจลย้อมคิ้วเนื้อแมทกำมะหยี่ JMCY เจลเขียนคิ้วกันน้ำและกันรอยเปื้อน 12H พร้อมแปรง 15o มาใหม่ คิ้วธรรมชาติและเต็มและกำหนดได้,JMCY Beauty.TH,฿95.00,美妆个护-美妆-眉笔&眉粉&眉胶,10%,23055,6641.23%,27349,2010571,1714285,2025-09-17 10:01:34,248118
MELYNN - Airy Glossy Lip Tint ลิปกลอส ทินท์ ลูกกวาด ปากฉ่ำ Liptint ริมฝีปาก Cosmetic เครื่องสำอาง ผู้หญิง Women,melynnofficial,฿109.00,美妆个护-美妆-口红与唇彩,30%,22799,14.07%,310699,35418906.38,2294301,2023-05-14 10:12:17,374263
แชมพูปิดผมขาวหอมเกศ(ขนาด30mlแบบซอง),hommkesaofficial,฿286.00,美妆个护-头部护理与造型-染发用品,15%,22571,87.89%,44671,9952427.09,5121393,2025-05-27 15:19:33,253640
PINN เจลล้างหน้า Flora Kiss Cleansing Gel 50 ml แถมมอยส์เจอร์ไรเซอร์ 1 ซอง ราคาพิเศษ 290.-,Pinnthailand,฿266.00,美妆个护-美妆-美妆套装,9%,22566,3151.59%,39109,8895485,5077350,2025-03-01 10:54:34,106485
BODANA COCONUT OIL CREAM  ครีมน้ำมันมะพร้าวอเนกประสงค์ 50g มอยส์เจอร์ไรเซอร์  มะพร้าว โบดานา ผิว โคโคนัท ออยล์ ครีม บำรุง Moisturizer ความชุ่มชื้น Skincare ผิวหน้า,Bodana Biotechnology,฿64.83,美妆个护-洗浴与身体护理-身体霜、乳,10%,22523,595.8%,26582,1320360.1,1078863.77,2024-12-09 12:12:12,201752
[Jeff's pick] TIME PHORIA STELLAR DUST LIP STAIN  5ML Pigmented longlasting stain lightweight feeling Hydrating ไทม์ฟอเรีย สเตลล่าร์ ดัส ลิป สเตน สีชัด ติดทนนาน 12 ชั่วโมง เบาสบายริมฝีปาก พร้อมเติมเต็มความชุ่มชื้น,TimePhoria Thailand,฿308.11,美妆个护-美妆-口红与唇彩,5%,22486,-1.76%,103286,28583126.45,5652490.43,2025-04-27 06:58:41,319992
M421 Sweet mint อายแชโดว์ ไฮไลท์ อายไลน์เนอร์ แบบสองหัว เนื้อแมตต์ ธรรมชาติ ติดทนนาน,shihan,฿33.00,美妆个护-美妆-眼影,10%,22480,-20.23%,114630,3110992.45,604279.14,2024-05-02 04:29:17,3259210
ครีมทารักแร้ สูตรเย็น COSMIC SNOW CREAM UNDERARM CARE PLUS 10g. [เจ้าของแบรนด์],พี่ปุ้ยคอสมิค,฿81.00,美妆个护-洗浴与身体护理-身体除臭&防汗剂,10%,22404,36.83%,41921,3057549,1707396,2025-04-11 10:08:10,899385
น้ำหอม Withat Parfum Perfume #น้ำหอมwithat,Withat.OfficialTH,฿472.00,美妆个护-香水-女士香水,18%,22319,62.81%,181161,33870915.51,6975264.16,2023-12-08 08:01:20,2121644
ออยล์บำรุงผิวกระจ่างใส Ness เซตรวม4กลิ่น 4สไตล์  100/180 ML,Ness herbal,฿703.70,美妆个护-洗浴与身体护理-保湿油、按摩油,15%,22310,164.84%,33810,19816929.06,13494839.3,2025-03-04 03:46:54,541559
สินค้าขายดี ปี 2025 พร้อมอุปกรณ์ย้อมผมครบชุดครีมย้อมผม STYLE FIT ครีมย้อมผม ไม่ต้องฟอกสีผม เปลี่ยนสีผม เทา เฮเซลนัท น้ำตาล ได้อย่างรวดเร็ว,BIAKSASHOP,฿60.00,美妆个护-头部护理与造型-染发用品,11%,22188,815.72%,28512,1496676,1161504,2025-06-17 03:08:19,556365
ขนตาปลอม แหนบสเตนเลส UWN แข็งแรง ทนทาน กันสนิมและกันลื่น เหมาะสำหรับงานDIYและงานฝีมือ,UWN Direct,฿30.00,美妆个护-美妆-美妆套装,1%,22086,132.26%,31600,948000,662580,2025-08-07 14:01:49,1052236
MizuMi UV Bright Body Serum (1 หลอด x 180 ml ) SPF50+ PA++++ เซรั่มกันแดดทาผิวกาย เบาสบายผิว ปกป้องผิวจากแดดและมลภาวะ Sunscreen,Mizumi,฿229.00,美妆个护-洗浴与身体护理-身体防晒,8%,21999,-12.16%,453800,80588544.23,3692938.69,2022-06-29 17:38:57,2396644
เซรั่มไฮยา พริตตี้เกิร์ลล ผิวใส ขนาด 300ml. พร้อมส่ง,IceIceshop.,฿91.00,美妆个护-洗浴与身体护理-身体霜、乳,5%,21825,-6.19%,82925,8963803.11,1724175,2022-10-25 10:09:40,256868
【PIMRYPIE】11.11 แป้งพัฟสุรีย์พร ลดแรงสุดในรอบปี (มีให้เลือก 4 เฉดสี) P0,มินิอายรีวิว,฿131.00,美妆个护-美妆-散粉,-,21820,-7.8%,344512,49820190.29,3456884,2024-09-08 03:02:25,3554720
(1 แถม 1) แฮร์โทนิคจีเฮิร์บ JEEHERB ผลิตภัณฑ์บำรุงเส้นผม ขนาด 30ml. (ตะกร้าเจ้าของแบรนด์),CEO.JEEHERB,฿255.72,美妆个护-头部护理与造型-头发与头皮养护,15%,21801,22.59%,86007,17289875.12,4663273.2,2023-01-24 02:38:26,576174
DAZZLE ME Get a Grip! Makeup Setting Spray สเปรย์ล็อคเมคอัพ ควบคุมความมัน ติดทนนาน,DAZZLE ME_TH,฿98.00,美妆个护-美妆-定妆喷雾,10%,21668,35.88%,493787,42964397.19,1801949.48,2023-07-20 12:14:57,4090152
ไม่ต้องกัดสีผมค่ะ2025 สินค้าฮอตในSTYLE FIT สีย้อมผม ยาย้อมผม 100ml ครีมย้อมผม อ่อนโยนไม่ปิดกั้นทำสีง่า，ฟรีอุปกรณ์ทำสีผม,Silanya Lab,฿138.00,美妆个护-头部护理与造型-染发用品,15%,21666,-44.54%,64366,7384852.81,2578226.77,2025-08-29 15:51:17,241472
S1:สบู่ลักขณาฟองฟ๊อด ขนาด 60 กรัม,ลักขณาพาสวย,฿54.00,美妆个护-洗浴与身体护理-沐浴露与香皂,18.5%,21623,65.07%,649542,31194785.18,1011577,2022-09-05 00:33:43,1263496
ลดสนั่น! RIRIKO DE SALVADOR HAIR MIST NURISH SPRAY - สเปรย์น้ำหอมบำรุงผม,Kongnaphat,฿295.60,美妆个护-头部护理与造型-头发与头皮养护,8%,21514,49.56%,88891,23779740.35,5669318.85,2024-12-23 19:02:33,2688846
ครีม pm บัวหิมะ 1 กล่อง ของแท้,Beauty rosee,฿46.00,美妆个护-美妆-美妆套装,10%,21435,415.26%,36535,1403276.45,833439.45,2024-06-23 00:42:04,70474
【แพ็กเกจใหม่!!】 Éclate Lash ขนตาปลอมแบบช่อ(มีกาวในตัว)รุ่นอัพเกรด ยาว11-14mm 60ช่อ มีหลากหลายสไตล์ ติดง่ายไม่ใช้กาว เครื่องสำอาง,Éclate Lash,฿213.33,美妆个护-美妆-假睫毛与胶水,10%,21413,-14.7%,154734,28053852.3,4197712,2024-06-18 07:06:14,307588
2-in-1 highlighter and contour pen คอนทัวร์ 2 In 1 ไฮไลท์ เนื้อลิขวิด สว่างขึ้น/แท่งคอนทัวร์หน้า แบบสองหัว/ปากกาคอนทัวร์ จมูก สีน้ําตาล B91,LumineeBeauty TH,฿39.00,美妆个护-美妆-高光与修容,10%,21356,37.02%,130548,4719560.64,768816,2024-04-18 01:01:59,1363053
The Skin Collection Serum Niacinamide10% + NAG8% เซรั่มสำหรับคนที่มีปัญหารอยดำรอยแดง 30ml,The Skin Collection,฿146.00,美妆个护-美容护肤-面部精华液,12%,21330,-14.07%,1037780,140101137.4,2948410,2022-10-23 16:26:16,1653714
[เจลมานูก้าอัพ 1 หลอด] เจลมานูก้าอัพ ฟาวเดอร์สกิน Manuka Up Founderskin Skincare สกินแคร์ เหมาะสำหรับผู้ที่มีปัญหารอยดำ รอยแดง จากสิว,FounderskinOfficial,฿174.00,美妆个护-美容护肤-痘痘、粉刺护理,10%,21237,-4.38%,347000,53867638.53,2884987.58,2023-12-10 10:58:41,1256929
เซรั่มกาญจนา พลัส [ร้านเจ้าของแบรนด์],สมุนไพรกาญจนา น้องมีนน,฿87.00,美妆个护-美容护肤-面部精华液,10%,21128,28.15%,163853,13825820.54,1669112,2024-12-25 01:26:37,204264
เซรั่มผม น้ำมันใส่ผมหอม น้ำมันทาผม เซรั่มบำรุงผม ครีมบำรุงผม เคราตินบำรุงผม เซรั่มใส่ผม ทรีนเมนบำรุงผม น้ำตบผม（1298）,Ultraman SHOP 55,฿33.00,美妆个护-头部护理与造型-头发与头皮养护,10%,21115,-0.48%,139515,4146653.51,615137.57,2024-03-26 00:08:41,2478180
ขนตาปลอม มีกาวในตัว มีให้เลือกหลายสไตล์ รูปทรงต่างๆ สามารถวางได้โดยไม่มีกาวเพิ่มเติม เบาและนุ่ม ชุดแต่งตา มีหลายสไตล์และหลายขนาดให้เลือก,Tian You,฿71.30,美妆个护-美妆-假睫毛与胶水,10%,21107,1313.73%,22600,991960,909173,2025-09-13 04:19:18,31733
สตอคอนซ์ซีรั่ม Intensive Strawberry Conc Serum,YerpallThailand,฿457.00,美妆个护-美容护肤-面部精华液,15%,21049,117.04%,62949,26127448,7973386,2025-02-25 22:11:42,2332667
ตัวไม่ต้องใช้กร์ ไม่ต้องกอดประกอบ ขนตาแบาวใน ก้านแข็ง พร้อมแหนบ ดูเป็นธรรมชาติ เหมาะสำหรับการอ่านหนังสือ Cosmetic Cosmetics เครื่องสำอาง  กันน้ำ,FunToy Store,฿62.80,美妆个护-美妆-假睫毛与胶水,10%,21000,-2.71%,261100,15632949.38,1253080.5,2024-08-01 06:25:48,387222
Fanny 3 ชิ้น/ห่อ ผ้าอนามัยแบบกางเกง ผ้าอนามัยกางเกง Lancoolอัปเกรดผ้าอนามัยระบายอากาศได้,Thana132,฿32.00,美妆个护-女性私密处护理-卫生巾,10%,20992,-26.25%,1105753,22652835.88,587776,2023-12-05 00:11:50,1244179
ลิปสติกเนื้อแมทกำมะหยี่ มีให้เลือก 6 สี กันน้ำ ทนทาน นู้ด เซ็กซี่ ไม่ติดถ้วย,JIYKOL,฿63.00,美妆个护-美妆-口红与唇彩,15%,20927,83.8%,46827,3173467.08,1334582,2025-05-15 10:38:32,694916
DAZZLE ME Fruit Justice Lip Balm ลิปบาล์ม ปรับสีตามค่าPH สารสกัดจากผลไม้ธรรมชาติ,DAZZLE ME_TH,฿67.00,美妆个护-美容护肤-唇部护理,10%,20892,-10.55%,592362,45551162.94,1270359.22,2023-03-24 05:55:38,4090152
FLORTTE-ดินสอเขียนคิ้วสองด้าน ดินสอเขียนคิ้ว สีคิ้ว,FlortteBeauty,฿173.00,美妆个护-美妆-眉笔&眉粉&眉胶,5%,20698,109.71%,56425,7364033.15,2752602,2023-07-21 14:40:39,389745
แชมพู ทรีตเม้นท์ Herbal Essence KO Rich,korich,฿102.00,美妆个护-头部护理与造型-洗发护发,-,20638,15.77%,347374,57092884.42,2161145,2023-02-03 22:10:10,8370027
ครีม40x [Mall ของแท้บริษัทโดยตรง] PRO DERMA PLUS BODY BOOSTER  ปริมาณ 250ml. โปร เดอม่า พลัส บูสเตอร์บำรุงผิวกาย เนื้อเจล แบรนด์ JENNIE MOON,JENNIE MOON,฿414.00,美妆个护-洗浴与身体护理-身体霜、乳,10%,20633,149.43%,194156,39352858,5493259,2025-02-11 13:49:05,226522
scbrush เซตแปรงโอวัลติน แปรงแต่งหน้ามืออาชีพ แปรงแต่งหน้า7ชิ้น,Scbrush,฿94.00,美妆个护-美妆-化妆刷,10%,20621,-17%,360142,30561582.8,1789343.14,2023-12-05 18:25:09,906076
BulingBuling มาสคาร่า หลอดสีเงิน ใช้งานง่าย ไม่เลอะง่าย ดูเป็นธรรมชาติ ติดทน กันน้ำ ใช้งานได้ยาวนาน การเพิ่มวอลุ่ม การเพิ่มความยาว,Buling Buling,฿39.00,美妆个护-美妆-睫毛膏,10%,20605,-44.89%,352863,13140240.01,703746.72,2023-06-14 16:01:53,927276
(ABCEW Nail Art Series) สินค้ามาใหม่ จัดส่งรวดเร็วที่สุด เล็บปลอมสไตล์โมเดิร์น ใช้งานง่าย 24 ชิ้น/กล่อง เล็บสำเร็จรูป เล็บเจล เล็บปลอมแบบมีกาว เล็บปลอมสีรุ้ง เล็บปลอมเพื่อสุขภาพ เจล สี  ลูกแก้ว  โฮโลแกรม ไพรเมอร์บำรุงเล็บ  Nails,LTNail.shop,฿19.90,美妆个护-手足及指甲护理-美甲套装,12%,20600,95.13%,35200,473077.51,288444,2025-07-03 07:08:22,90385
ดับเบิ้ลวิตซีน้องฉัตร 2 in 1 VC เซรั่ม+ครีม 2 STEP VC Vit C Bio Face Advanced Pre-Serum + Whitening Cream 4+4 g.,DKskinshop เครื่องสำอาง,฿265.71,美妆个护-美容护肤-面部护理套装,2%,20584,8.19%,343510,21402165.17,756210,2022-12-27 21:05:16,11787464
{ช่องบริษัท} CHY คุชชั่นซอง สูตรโกลว์ หรือ สูตรแมตต์  ช่วยกันแดด เบลอรูขุมขน หน้าฉ่ำเงา  จะได้รับสินค้า 1 ซองตามตัวเลือก ขนาด 7 g เครื่องสำอาง Cosmetic Cosmetics Foundation รองพื้น Women ผู้หญิง,chy-cosmetic,฿70.00,美妆个护-美妆-遮瑕与粉底,10%,20494,6942.61%,35694,1961873,1085846,2023-12-19 11:35:47,705224
วาสลีน เฮลธี ไบรท์ เดลี่ โพรเทคชั่น แอนด์ ไบรท์เทนนิ่ง เซรั่ม เซรั่มกันแดด ปกป้องผิว 5 มิติ ผิวดูกระจ่างใส 155 - 170 มล. (เลือกสูตรด้านใน) Vaseline Healthy Bright Daily Protection & Brightening Lotion 155 - 170 ml.,Vaseline Thailand,฿174.00,美妆个护-洗浴与身体护理-身体防晒,7%,20445,48.55%,117745,15459194.48,3090174.7,2022-11-07 12:42:25,2077075
[บริษัทโดยตรง] - JOSE EXTRA WHITE BODY & JOSE PREMIUM BODY OIL  ครีมโจเซ่ เอ็กซ์ตร้า ไวท์ บอดี้ 1 ออยล์โจเซ่ 1,JOSE Thailand,฿359.00,美妆个护-美容护肤-面部护理套装,15%,20350,-2.76%,75950,25747050,6898650,2025-04-21 14:05:16,2551589
【PGM】คุชชั่น Gmeelan BLACK TRUFFLE High Coverage กันน้ำ คุมมันยาวนาน 12 ชั่วโมง (มีของแถมพิเศษ)+Gmeelan Setting pray,GMEELAN Skincare Store,฿214.00,美妆个护-美妆-遮瑕与粉底,1%,20341,2.48%,147557,33744955.13,3444204,2024-07-02 02:05:24,1285211
ที่กันคิ้ว NIUMO ชาร์จและไม่ต้องเจ็บปวด ขนาดมินิ อุปกรณ์กำจัดขนถาวร แบตเตอรี่ 60 mAh ในตัว,NIUMO SHOP-TH,฿75.00,美妆个护-美容、个护电器-电动修眉刀,12%,20338,-43.05%,205538,14347260.29,1403322,2024-09-17 04:40:24,1259937
สินค้าขายดี ปี 2025 พร้อมอุปกรณ์ย้อมผมครบชุดครีมย้อมผม STYLE FIT ครีมย้อมผม ไม่ต้องฟอกสีผม เปลี่ยนสีผม เทา เฮเซลนัท น้ำตาล ได้อย่างรวดเร็ว,BIAKSASHOP,฿61.00,美妆个护-头部护理与造型-染发用品,11%,20326,-30.77%,110700,5992374,1093026,2025-04-28 07:23:44,556365
( เจ้าของแบรนด์ )มาร์คแฮปปี้ มาร์คทองคำ Night  gold whitening  mask ปริมาณ 5 กรัม,THE Happy 888,฿116.00,美妆个护-美容护肤-面膜,15%,20300,61.33%,116100,10462076.4,1895359,2023-11-22 05:03:08,216787
ไม่ต้องกัดสีผมค่ะ 2025 สีย้อมผม ยาย้อมผม 100ml ครีมย้อมผม อ่อนโยนไม่ปิดกั้นทำสีง่า ย้อมผมง่ายๆที่บ้าน，ฟรีอุปกรณ์ทำสีผม，พร้อมส่ง!!,Dainnyy,฿59.63,美妆个护-头部护理与造型-染发用品,11.5%,20280,36.03%,158980,8406035.44,1022542.6,2024-04-09 02:53:29,262991
สบู่แม่ผู้ใหญ่ AURA WIHTE SOAP BY.แม่ผู้ใหญ่,Baifern Shop,฿138.52,美妆个护-洗浴与身体护理-沐浴露与香皂,10%,20257,75.54%,35363,4929820.2,2789803,2025-04-05 18:13:19,194968
"SikiCoolw Macaron series ขนตาปลอมมีกาวในตัว [SC-05, 07, 08, 10, 12, 14, 15, 17, 18, 19, 20 เป็นกาวสีดำ] เส้นขนตาบาง ใส่สบาย ดูเป็นธรรมชาติ",SikiCoolw,฿70.98,美妆个护-美妆-假睫毛与胶水,15%,20247,-40.29%,89150,4882646.17,1207350.03,2025-05-03 18:13:21,138030
โคจิก&จินเส็ง บำรุงผิวกาย ขวดละ500ml. โลชั่นแบรนด์มณี,มดซี่ อะบาระฮึ่ม2,฿178.00,美妆个护-洗浴与身体护理-身体霜、乳,10%,20220,-44.14%,239357,35815860,3033000,2025-02-01 02:08:02,1674986
ครีมคุณยาย Khun Yai figth cream,Numningshop,฿119.00 - 321.00,美妆个护-美容护肤-痘痘、粉刺护理,10%,20193,1161.27%,26230,2651308.42,2019300,2024-02-15 04:52:13,29673
Ela Rae ครีมทารักแร้ Armpit White & Brightening Cream ขนาด 100 กรัม แพคเกจใหม่ จาก Ela Rae Official,ร้านใหญ่จิปาถะ ช็อปปิ้งแท้,฿383.00,美妆个护-女性私密处护理-私处除臭,16%,20023,48.91%,33623,26427825,21409425,2025-09-12 20:32:21,1045973
【BCD】SKINTIFIC  MATTE CUSHION Refil ให้การปกปิด แมตต์ติดทนตลอดวัน Cover All Perfect Cushion High Coverage Poreless & Flawless Foundation 24H ติดทนนาน SPF35 PA++++ Cosmetic Cosmetics ผู้หญิง เครื่องสำอาง Women ใบหน้า รองพื้น Cosmetic ผิว,SkintificTH,฿298.73,美妆个护-美妆-遮瑕与粉底,10%,19995,169%,40195,10895262.19,5184534.55,2025-04-05 06:53:52,793817
เซรั่มกรดแดง10% + ครีมโสมฝาแดง  (ใช้เฉพาะก่อนนอน)LIVE,Deproud thailand,฿419.00,美妆个护-洗浴与身体护理-身体霜、乳,2%,19989,99845%,38239,12688542,6156272,2024-03-31 22:47:18,536243
HONE HYBRID SUNSCREEN SPF 50+ PA++++ กันแดดหนุ่มกรรชัย  เนื้อบางเบา ซึมง่าย เป็นมิตรต่อปะการัง,HONE THAILAND,฿425.74,美妆个护-美容护肤-脸部防晒霜与晒后修复,10%,19978,35575%,21800,8069680.04,7391545.53,2023-11-30 12:24:49,68861
RD Labs 3D shampoo แชมพูสารสกัดธรรมชาติ เพื่อผมหนามีวอลลุ่ม เงางาม สูตรป้องกันสีผม (พร้อมจัดส่งวันที่ 11/11/68),Happychoice.shop,฿163.00,美妆个护-头部护理与造型-洗发护发,10%,19907,22.53%,70129,9847807,2767073,2025-01-21 15:19:55,444613
"แท็บเล็ตแว็กซ์อโรมาเทอราพี, สำหรับตู้เสื้อผ้า, เม็ดหอม, ถุงหอม, ดับกลิ่น, เครื่องมือที่มีประโยชน์, กลิ่นหอมติดทนนาน, จี้รถ, น้ำหอม, เหมาะสำหรับตู้เสื้อผ้า",BOQILYNE Beauty.TH,฿60.00,美妆个护-洗浴与身体护理-身体除臭&防汗剂,-,19723,85.21%,90884,5453040,1183386,2024-12-04 16:35:09,571922
JUP JUP Probiotic Oral Spray จุ๊บจุ๊บ สเปรย์ดูแลช่องปาก โพรไบโอติก 8ml (Peach/Grape/Green Apple),Konvy,฿257.00,美妆个护-鼻子口腔护理-口腔喷剂,8%,19452,77.48%,87992,16411151.41,4259988,2024-08-11 02:25:01,7333462
Livetined Hair Essence [เซ็ต 4 กระปุก] - คุ้มค่าสุดพิเศษ! เฉพาะ TiktokShop เท่านั้น,LIVETINED THAILAND,฿214.00,美妆个护-头部护理与造型-头发与头皮养护,10%,19407,6.92%,90387,12308885,3881400,2025-04-09 07:20:31,1799705
RIRIKO SWEET CARAMEL BODY SPRAY ริริโก๊ะ สวีทคาราเมล บอดี้ สเปรย์,Kongnaphat,฿139.03,美妆个护-洗浴与身体护理-身体除臭&防汗剂,8%,19404,191.57%,133011,34008857.95,2504067.32,2023-12-21 21:35:09,2688846
น้ำหอม RAZO กลิ่น GLOSS ขนาด 30 ml. ร้านเจ้าของแบรนด์,เจ้าของแบรนด์น้ำหอม RAZO,฿219.36,美妆个护-香水-香水,15%,19400,21.18%,380700,68117234.87,3604439,2023-03-01 12:41:52,509638
"สีย้อมผม, สไตล์พอดี, ไม่มีสารฟอกขาว, สีผมล่าสุด, โฟมย้อมผม, ซื้อ 1 แถม 1, จัดส่งฟรี, ใช้งานง่าย, ย้อมผมง่าย, ย้อมการ์นิเย่, 100มล. ฟรี 100มล.",Silanya Lab,฿66.00,美妆个护-头部护理与造型-染发用品,5%,19400,122.38%,42300,2474926.88,1144593,2025-08-19 06:57:45,241472
【BCD】Glad2Glow Peach Retinol Moisturizer  เรตินอล ครีม มอยเจอไรเซอร์เรตินอลเพื่อผิวอ่อนเยาว์ 30กรัม,Glad2GlowThai,฿199.50,美妆个护-美容护肤-保湿乳液、乳霜与喷雾,1%,19238,-4.66%,68738,12009769.88,3290825.49,2025-04-01 06:44:21,836322
(พร้อมส่ง ) ลิปทิ้นท์ ( 3 สี ) เคโอริช Lip Tint Ko Rich,korich,฿118.00,美妆个护-美妆-口红与唇彩,-,19226,15.32%,228703,19570989,1922600,2023-01-21 02:00:37,8370027
โรลออนระงับกลิ่นกาย สเปรย์ระงับกลิ่นกาย ลดกลิ่นไม่พึงประสงค์ใต้วงแขน Deodorants 3กลิ่น 50ml (1150),BIG LIVE SHOP,฿17.50,美妆个护-洗浴与身体护理-身体除臭&防汗剂,10%,19100,9.7%,52900,770364.9,285623.15,2025-06-09 01:36:31,1169524
KHOR HOM ยาสีฟันขอหอม สูตรเข้มข้น 1 หลอด แปรงหลังทานอาหาร เช้า เย็น และ ก่อนนอน ผลลัพธ์ขึ้นอยู่กับแต่ละบุคคล,ยาสีฟันขอหอม กาแฟปริญญา,฿108.00,美妆个护-鼻子口腔护理-牙膏,20%,19059,68.75%,70581,6989058.66,1886841,2024-07-22 16:09:19,112824
[มี 4 แพ็คให้เลือก] ยาสีฟัน คอลเกต อ๊อพติค ไวท์ เพอร์เพิล 100 กรัม Colgate Optic White Purple 100g,Colgate Thailand,฿103.00,美妆个护-鼻子口腔护理-牙膏,10%,19057,-8.64%,175956,19515257.55,1921886.2,2024-03-08 21:04:18,663075
ออยล์บำรุงผิวกระจ่างใส มุราซากิ Ness 4กลิ่น 4สไตล์  60ml,Ness herbal,฿442.71,美妆个护-洗浴与身体护理-保湿油、按摩油,15%,19051,367.28%,28518,11358461.76,8394158.69,2025-02-23 10:53:39,541559
LACANA Original Luxury Perfume  น้ำหอมลาคาน่า กลิ่นเฉพาะของทางแบรนด์,LACANATHAILAND,฿458.13,美妆个护-香水-男女通用香水,20%,19000,0.55%,123900,49804569.57,7358748.9,2024-12-08 09:38:50,591191
FOCALLURE แผ่นแปะสิว สกินแคร์ 2g,FOCALLURE.TH,฿31.00,美妆个护-美容护肤-痘痘、粉刺护理,2%,19000,277.13%,82200,2144331.83,493810,2023-09-13 20:02:49,1006822
สมุนไพรกาญจนา [ร้านเจ้าของแบรนด์],น้องมีน สมุนไพรกาญจนา,฿83.00,美妆个护-美容护肤-痘痘、粉刺护理,15%,18970,-19.19%,741298,87121313.88,1498630,2023-12-09 12:10:21,1850864
"ลิปกลอส, BOQILYNE ของแท้, มีให้เลือกหลายเฉดสี, ตัวอย่างรวมอยู่ด้วย สูตรเรียบเนียน สบาย ลองดูสีที่สวยงามก่อนตัดสินใจซื้อขนาดเต็ม  1.5g",BOQILYNE Beauty.TH,฿20.00,美妆个护-美妆-口红与唇彩,-,18867,97.56%,38217,764340,377346,2025-09-16 16:21:40,571922
"[โปร1แถม1] สครับส้มวิตซี+ สครับมะนาว (1,000g.)",EPS GROUP COMPANY,฿229.00,美妆个护-洗浴与身体护理-身体磨砂膏、去角质,10%,18859,101.96%,93940,17475665.3,3492024,2024-11-22 20:46:38,401281
【Special for Pimrypie】PINKFLASH - อายไลเนอร์ชนิดน้ำ ปราศจากข้อผิดพลาด สวมใส่ได้นาน แห้งเร็ว ป้องกันรอยเปื้อน ป้องกันการถ่ายโอน กันน้ำ,PINKFLASH.TH,฿33.00,美妆个护-美妆-眼线笔与唇线笔,-,18851,128.41%,365003,6434868.6,346122.93,2023-08-17 17:31:01,4406503
ชื่อแบรนด์ AMOUR (อะมัวร์) 30ml Eau de Parfum,whannoey,฿235.00,美妆个护-香水-女士香水,10%,18809,60.47%,104761,21611348.1,3889751,2024-10-22 15:46:04,460364
(สินค้าขายดี) เซรั่มแบบซอง ริซเซ่มิลค์ไฮยาเซรั่ม 5 ml แบบซอง ปริมาณใหม่ ผิวแพ้ง่ายใช้ได้ Skincare,RICHSEUP ริซเซ่,฿104.76 - 272.00,美妆个护-美容护肤-面部精华液,10%,18788,22.24%,208674,17856920.42,1544455.7,2024-11-01 14:43:52,509589
(100ml) Pok cc cream พอกซีซีครีม  กันแดดspf50pa++ กันน้ำ กันเหงื่อ,มีมี่เจ้าของแบรนด์พอกดี,฿205.89,美妆个护-洗浴与身体护理-身体防晒,10%,18710,9.21%,102726,16539149.31,2999460,2024-10-30 23:52:14,140463
[รุ่นใหม่!]แมส 3D หน้ากากอนามัยทางการแพทย์ WALLIAS วอลลิแอส Medical Mask 3D ผู้ใหญ่ ป้องกันฝุ่น PM2.5 ดีเยี่ยม กรอง VIRUS และ Bacteria รูปทรง กระชับใบหน้า || มี 3 สีให้เลือก ขาว ดำ และ สีฟ้า,CC - CLEAN STORE,฿9.00,美妆个护-美容护肤-面部护理工具,6%,18689,3507.92%,21000,240450,208773,2025-09-26 12:05:16,77620
สครับพะพิม แพ็คเก็จใหม่ 1 ถุง 400กรัม/1ถุง,เจ้าของแบรนด์ พะ พิม,฿64.00,美妆个护-洗浴与身体护理-身体磨砂膏、去角质,9%,18670,98.98%,32393,1473737,746870,2025-05-08 11:01:31,1686163
【PGM】GMEELAN LAZY CREAM 30g เลเซี่ยนครีม【Randomly ship different packaging】,GMEELAN Skincare Store,฿76.00,美妆个护-美容护肤-保湿乳液、乳霜与喷雾,1%,18647,2602.46%,69400,18606812.27,1189731.24,2024-06-28 23:19:00,1285211
ยาสีฟันแบรนด์พรทิน่า Botanical White โปรโมชั่น 1 แถม 1 ทั้งหมด 2 หลอด,พรทิพย์ พรทิน่า,฿229.00,美妆个护-鼻子口腔护理-牙膏,10%,18583,-21.81%,48220,9393731,3716600,2025-08-07 20:13:28,997517
เซรั่มไฮยา พริตตี้เกิร์ล ไวท์เทนนิ่ง บอดี้ เซรั่ม,Namnam89Shop,฿60.00,美妆个护-美容护肤-面部护理套装,10%,18577,2331.54%,19430,1255995.46,1201859.96,2024-02-02 20:25:26,99726
【NEW】LA BOUM Glitter 50ml. น้ำหอม Unisex กลิ่นหอม หรูหรา ติดทนนาน เขย่าก่อนฉีด 【มีจำนวนจำกัด】 Perfume ดอกกุหลาบ,LABOUM BEAUTY TH,฿96.00,美妆个护-香水-女士香水,10%,18540,78.85%,122503,7698713.65,1462450.82,2024-03-22 15:40:10,236300
ลิปไก่ทอดแบบแท่ง 9g Syrup Glossy Lip ลิปกลอสปากฉ่ำพร้อมบำรุง วาวเหมือนกินไก่ทอด,KAGE.COSMETICS,฿373.00 - 373.48,美妆个护-美妆-口红与唇彩,10%,18411,134.03%,156312,40137485.13,2229689,2024-11-08 00:27:47,660692
Madame Fin สเปรย์ฉีดผมหอม Sine's Dry Shampoo 1 ขวด ขนาดขวดละ 150 ml.,Madamefin,฿278.98,美妆个护-头部护理与造型-洗发护发,10%,18402,1991.14%,38415,9159561.86,4379316.85,2023-11-15 01:30:22,2994169
โปรเฉพาะไลฟ์สดเท่านั้น!! สครับสปาบ้านทุ่ง ขนาด 250 กรัม 2 กป. 390 บาท,Ngampring Shop,฿236.00,美妆个护-洗浴与身体护理-身体磨砂膏、去角质,1%,18323,1368.19%,42853,12735951.25,6203591,2024-02-07 12:12:27,268957
กางเกงอนามัย HanQi สำหรับผู้หญิง แพ็คเกจใหญ่สุด 30 ชิ้น ดีไซน์ป้องกันการรั่วไหล 360 องศา ระบายอากาศได้ดี ปกป้องผิว เหมาะสำหรับใช้กลางวัน กลางคืน หลังคลอด และหญิงตั้งครรภ์ ผ้าอนามัย ดูดซับดีตลอดทั้งวัน,HanQi,฿142.05,美妆个护-女性私密处护理-卫生巾,8%,18300,0.91%,171600,26865355.16,2357261.4,2024-11-01 00:05:04,198327
HANYMOON [แพ็คเกจสุดคุ้ม] 3ชิ้น เจลอาบน้ำ+แชมพู+ครีมนวดผม แชมพูหอมติดทนนาน ปัญหาผมเสีย ขจัดรังแค ผิวนุ่มลื่น ยาสระ ผม 500 มล.,HANYMOON Mall,฿318.00,美妆个护-头部护理与造型-头发与头皮养护,15%,18293,68.09%,37600,9957770.42,4373358,2025-04-08 04:16:05,42397
เซรั่มใบบัวบกไฮยา สูตรเย็น 1 ขวด(ตะกร้าบริษัท),dewface,฿103.00,美妆个护-美容护肤-面部精华液,4%,18290,111.13%,177700,14656310.66,1619997,2023-02-11 01:03:02,418330
French Perfumer นำเข้าจากฝรั่งเศส น้ำหอมผู้หญิง น้ำหอมทาตัว กลิ่นหอมติดทนนาน 24 ชม. กล่องของขวัญ (100 มล.) เหมาะสำหรับใส่ไปไนท์คลับ ที่ทำงาน และโอกาสสำคัญ [เก็บเงินปลายทาง],Sellion TH,฿238.01,美妆个护-香水-女士香水,8%,18069,83.76%,49112,10379887.64,3737055.65,2024-07-28 06:16:56,175636
สินค้าขายดีลดราคาพิเศษ【จัดส่งฟรี】สินค้านำเข้าใหม่ Memeeie กางเกงอนามัย(แพ็คเกจใหญ่พิเศษ 30 ชิ้น) กันรั่ว 360° ระบายอากาศได้ดี ปกป้องผิว ใช้ได้ทั้งกลางวันและกลางคืน/คลอดบุตร/สตรีมีครรภ์,memeeie ผ้าอนามัย,฿187.00,美妆个护-女性私密处护理-卫生巾,8%,18053,15.86%,273687,44874561.61,2840898,2024-10-27 12:36:30,308469
หวีแต่งผม10ชิ้นหวีเอ็นวัวป้องกันไฟฟ้าสถิตย์หวีจัดแต่งทรงผมเครื่องมือจัดแต่งทรงผมที่ตัดขนอุปกรณ์เสริม,Y O H I,฿29.00,美妆个护-头部护理与造型-不插电造型工具,10%,18035,137.65%,27686,692166,450875,2024-12-27 05:43:45,96016
น้ำหอมEDP กลิ่นDUPEเทียบเค้าเตอร์แบรนด์ ติดทนยาวนาน 8-12 ชม. ขนาด 10 ml. ของCHUAN HORM PERFUME,chuanhorm,฿107.00,美妆个护-香水-香水套装,10%,18000,52.61%,31200,3074290,1782000,2025-08-18 15:45:10,42468
[Special] DAZZLE ME Ink-Vinyl Lip Lacquer ริมฝีปากเงางาม ติดทน เบาสบายปากตลอดวัน,DAZZLE ME_TH,฿100.00,美妆个护-美妆-口红与唇彩,10%,17996,-28.91%,43396,4032734,1670764,2025-09-01 12:49:09,4090152
ADSS (รับประกัน 1 ปี) PAE305 หวีไฟฟ้า หวี 2 in 1 One Step สวยครบจบในเครื่องเดียว หวีตรง ม้วนผม ทำวอลลุ่ม จัดแต่งทรงผม,Hometohome,฿201.00,美妆个护-美容、个护电器-卷、直发器,11%,17901,10.68%,282379,52269249.92,3272311.08,2023-06-23 14:38:49,4016057
แป้งโชพรีเมียม Cho flawless silk touch foundation powder สูตรใหม่,Chocosmetics,฿891.00,美妆个护-美妆-散粉,10%,17866,1166.19%,22200,17493930,14114140,2025-07-30 21:06:25,186511
(1แถม1) Yumiko Rejuran Cream เพิ่มความชุ่มชื่นผิวหน้า,โรงงานทนายเก่ง,฿122.00,美妆个护-美容护肤-面部护理套装,10%,17759,-5.28%,89042,8912705.32,1864695,2024-03-04 14:54:37,1829127
CHY คริสตัล โกลว์ หรือ ซาติน แมทท์ คุชชั่น  เลือกได้ 1 ชิ้น ขนาด 12gเนื้อเนียนนุ่ม บางเบา กันน้ำ กันแดดในตัว,chy-cosmetic,฿330.00,美妆个护-美妆-遮瑕与粉底,12%,17732,2141.72%,18522,6405242,6090032,2025-09-14 16:05:10,705224
ซิโอร่า โกลด์ เซรั่ม 5 ขวด - Ciora Gold Serum  - (ส่งตรงจากโรงงาน),ซิโอร่า มอลล์,฿108.00,美妆个护-美容护肤-面部精华液,15%,17705,91.84%,26960,2669040,1752795,2025-08-28 02:23:17,234991
เล็บปลอม 24 ชิ้น/แถบ สี เล็บปลอม แผ่นแปะเล็บ ใช้ซ้ำได้ พร้อมหมากฝรั่งเยลลี่,mumu,฿9.00,美妆个护-手足及指甲护理-美甲套装,10%,17700,27.26%,290800,2050315.41,141600,2024-03-21 06:36:59,729516
มาส์กบำรุงผิว (ราคาถูกสุดๆ) 30 แผ่น มาส์ก,milisrody,฿107.00,美妆个护-美容护肤-面膜,10%,17576,79.09%,39976,3934877.24,1749687.71,2024-05-22 03:40:15,677950
เซ็ตสุดคุ้ม เจลลี่เซรั่ม 200 ml + ครีมเจลมิวซุ 120 ml บำรุงผิวกาย,Mayny Myuzu,฿327.95,美妆个护-洗浴与身体护理-身体霜、乳,15%,17518,-0.85%,158646,43724752.41,4759010.42,2024-11-10 19:03:11,632666
( สบู่ดานิคผิวกาย 1 กล่อง  ) DANIK MULTI VITAMIN COLLAGEN WHITENING SOAP : 1 กล่อง บรรจุ 5 ก้อน,DANIK SHOP CENTER,฿186.00,美妆个护-洗浴与身体护理-沐浴露与香皂,10%,17504,-9.04%,315122,42519053.34,3594755,2022-10-11 02:23:02,744489
YOTEX  หวียืดผม หวียืดผมไร้สาย 2 อิน 1 ปรับอุณหภูมิได้ 3 ระดับ ขนาดเล็ก ร้อนเร็ว แบบไร้สายหวีไฟฟ้า หวีฟันป้องกันน้ำร้อนลวก Wireless Portable Brush,YOTEX,฿129.77,美妆个护-美容、个护电器-卷、直发器,7%,17496,-12.91%,78955,9467414.91,2054446.13,2024-11-12 20:18:22,1687697
เซลลิเวอร่า แอบโซลูท รีแพร์ ครีม 15กรัม- DR76,พิมรี่พายขายทุกอย่าง,฿70.00,美妆个护-美容护肤-面部按摩霜,-,17419,183.88%,25905,1987504,1219330,2025-08-06 14:10:16,7812264
อยากได้ผมสวยแบบไม่ต้องเสียเงินเยอะ  แนะนำครีมเปลี่ยนสีผมราคาสบายกระเป๋า แต่คุณภาพไม่ธรรมดา!,Fajazz-TH,฿66.00,美妆个护-头部护理与造型-染发用品,5%,17400,14.47%,33700,1988300,1026600,2025-07-30 03:06:42,45943
เซรั่ม1 ครีมฟิลเลอร์2 NANA เซรั่มทับทิม โดสเซรั่มคุณโจ้ ครีมฟิลเลอร์ เซรั่มทาหน้า ครีมทาหน้า,NAWANNA เพจบริษัท,฿303.00,美妆个护-美容护肤-面部护理套装,30%,17377,195.93%,44806,13374284,5195723,2024-07-10 13:11:36,910669
[โปรพิเศษ!] ดีดีครีมแตงโมจุฬาเฮิร์บ 6in1 สูตรใหม่! โทนอัพปรับผิวใส เบส รองพื้น กันแดด กันน้ำ สกินแคร์ผิวหน้า บำรุงX10Super Vitamin + Antioxidant 40g.,julaherbthailand,฿217.00,美妆个护-美容护肤-脸部防晒霜与晒后修复,10%,17355,-30.77%,147255,29071280.09,3503988.91,2024-09-18 20:14:44,1006924
เล็บปลอมตาแมว ชุด 10 ชิ้น กลิตเตอร์ ชุดตาแมว เพ้นท์เล็บ รหัสแยกมือ การออกแบบเพ้นท์เล็บที่เรียบง่าย แพทช์เล็บปลอมที่ถอดออกได้ การออกแบบเล็บยอดนิยมของผู้หญิง ใช้ซ้ำได้ ต่อเล็บ,FNSCGHandmadearmorwearing,฿12.00,美妆个护-手足及指甲护理-指甲油,8%,17270,47872.22%,19100,567699.85,439737.95,2025-08-14 02:40:25,285964
จัดส่งตลอด 24 ชั่วโมง EELHOE Neck Cream 40g ครีมบำรุงผิวครีมบำรุงผิวโลชั่นบำรุงผิว,Amnuai56,฿125.21,美妆个护-洗浴与身体护理-颈部护理,12%,17235,60.3%,185742,9286451.5,1859571.16,2025-01-14 02:32:45,337729
[ซื้อ 5 แถม 1] ichi ผ้าอนามัย แบบกระชับ ผ้าอนามัย กลางวันแบบกระชับ สลิมมีปีก 24 ซม. หนานุ่ม มามาก โซฟี(ห่อละ 10 ชิ้น*6),ichi TH,฿104.84,美妆个护-女性私密处护理-卫生巾,10%,17110,186.5%,29710,2740853.53,1534384.27,2025-05-30 05:06:21,2402466
SHAQINUO บลัชออนติด ครีมสีสวย บรัชออน ปัดแก้ม อิ่มตัวตามธรรมชาติ เนื้อดี สีสวย สามมิติ ติทนนาน กันน้ำ,Thai Silk Cosmetics,฿30.00,美妆个护-美妆-腮红,11%,17098,190.19%,65913,1602449.66,416854,2024-05-14 00:14:39,1506849
โดฟ บอดี้สครับ 280 ก. x1-x2 (เลือกสูตรด้านใน) Dove Body Scrub 280 g. x1-x2,Unilever Thailand Shop,฿211.92,美妆个护-洗浴与身体护理-身体磨砂膏、去角质,12%,17096,51.02%,170373,34864222.46,3047614.96,2024-06-06 18:55:30,459876
TEETH  WHITENING PEN ปากกาสำหรับฟอกฟัน,แทนธันเดอร์,฿345.00,美妆个护-鼻子口腔护理-牙齿美白,13%,17057,99.38%,197917,50175792.44,4809973,2023-10-02 16:03:32,468381
Parrot Botanicals Bar 105G. P.4 แพรอท สบู่พฤกษานกแก้ว 105 กรัม. แพ็ก 4 ก้อน (เลือกกลิ่น เลือกจำนวน) สบู่ก้อน Bar soap,BJC TH STORE,฿120.00,美妆个护-洗浴与身体护理-沐浴露与香皂,3%,17033,19.59%,119847,11663327.49,1555767,2024-04-03 01:04:08,443951
สินค้าขายดีที่สุดพร้อมอุปกรณ์ย้อมผมครบเซ็ต ครีมย้อมผม STYLE FIT ครีมย้อมผม 15 สี ไม่ต้องฟอกสีผม เปลี่ยนสีผมรวดเร็ว สีเทา เฮเซลนัท น้ำตาล,BIAKSASHOP,฿66.00,美妆个护-头部护理与造型-染发用品,11%,17014,232.76%,33355,1799379,917168,2025-05-26 05:49:41,556365
แทททูฮาโลวีน ลายแผลติดหน้า แต่งไปงาน Halloween แทททูรอยแผล แผล ฮาโลวีน แทททู tattoo แทททูติดหน้า,Anya.Gibshop,฿9.00,美妆个护-美妆-纹身贴,5%,17001,7134.47%,20200,181800,153009,2024-10-23 20:06:53,26312
GLAMM BOOSTER BRIGHT WHITE ESSENCE (ตระกร้าบริษัท),GLAMMOFFICIAL,฿444.00,美妆个护-美容护肤-面部精华液,15%,16943,21.51%,87243,33751639,6504137,2024-11-26 22:54:38,319212
Mask แผ่นมาส์กหน้า มาส์กหน้าSADOER มาส์กสูตรใหม่ มาร์คหน้า มาส์กหน้า ให้ความชุ่มชื้น มีหน้ากากยอดนิยมให้เลือกหลากหลาย,lalaland tk,฿4.32,美妆个护-美容护肤-面膜,8%,16908,-9.94%,452831,794609.7,63169.05,2023-09-08 17:00:45,2000704
น้ำหอม อะดอร์ มีหลายกลิ่นให้เลือก ขนาด 30ml,whannoey,฿249.00,美妆个护-香水-男女通用香水,10%,16894,73.77%,259202,57908037.63,3467826,2024-01-20 15:30:37,460364
ลิปสติกลอรีอัล ปารีส อินฟอลลิเบิล แมท รีซิสแทนซ์ L’OREAL PARIS INFALLIBLE MATTE RESISTANCE LIPSTICK (ลิปแมท ลิปติดทน),L'Oreal Paris TH,฿276.37,美妆个护-美妆-口红与唇彩,10%,16879,124.37%,128879,33046201.26,3794089.43,2023-10-04 18:06:04,1014987
( พร้อมส่ง ) กันแดดชมพู เคโอริช (Sunscreen CC  Ko Rich),korich,฿107.00,美妆个护-美容护肤-脸部防晒霜与晒后修复,-,16841,130.35%,84773,10880182,920726,2024-05-07 01:34:13,8370027
【I WaWa】 พาเลตต์คอนซีลเลอร์ 4 สี + พัฟฟรี | ปรับสีผิวให้สม่ำเสมอ ไฮไลท์ และคอนทัวร์ | ปกปิดรอยคล้ำใต้ตาและสิว,IWAWA TH,฿118.19,美妆个护-美妆-遮瑕与粉底,10%,16792,272.33%,21400,2705798.72,2145396.72,2025-08-31 12:31:31,41887
กันแดด พส.จีนโซมี่SPF50 PA+++(ม่วง+ชมพู),Yatawee Shop,฿683.00,美妆个护-美容护肤-脸部防晒霜与晒后修复,13.33%,16742,730.87%,22112,7210546,5600800,2025-07-16 21:29:01,939151
(พร้อมส่ง) นํ้าหอม WINDSCENT SHINING Perfume (น้ำหอมเปล่งแสง)  20ml - สดใส ร่าเริง มีเสน่ห์ [ไม่มีคูปองไข่],WiNDSCENTOFFICIAL,฿463.00,美妆个护-香水-男女通用香水,10%,16729,90.62%,86087,32859210,6370660,2025-07-30 23:50:22,928900
DAZZLE ME Color Chrome Melt to Dew Lip Click ลิปสติกติดทน บำรุงปากให้ชุ่มชื่น ฉ่ำวาว ป้องกันรังสียูวี SPF 25 PA+++,DAZZLE ME_TH,฿95.00,美妆个护-美容护肤-唇部护理,10%,16700,-1.38%,115700,10593797.67,1440585.17,2024-12-20 11:13:09,4090152
(ของแท้+ส่งไว)ครีมแต้มไฝจีจี้ ไฝ หูด ขี้แมลงวัน ติ่งเนื้อ สิวหิน ตาปลา Skincare สกินแคร์,Ji Jie Store,฿65.00,美妆个护-美容护肤-痘痘、粉刺护理,15%,16696,12.61%,71949,4228612.05,988264,2024-11-27 10:20:52,86208
ลิปสติก Handaiyan 6 สี ผิวด้าน ไม่ซีดจาง ไม่ติดถ้วย เหมาะสำหรับการค้าต่างประเทศ ลิปสติกแต่งหน้าแบบข้ามพรมแดน,LOUYYYY,฿69.00,美妆个护-美妆-口红与唇彩,18%,16687,41.76%,28800,1699200,984533,2025-09-04 23:09:26,61193
[แพ็คคู่สุดคุ้ม 1+1] ซันซิล (แชมพู+แชมพู / แชมพู+ครีมนวด ) Sunsilk  ถนอมเส้นผม,DKskinshop เครื่องสำอาง,฿154.88,美妆个护-头部护理与造型-洗发护发,-,16656,-2.49%,207421,26806686.28,2101532.03,2024-06-23 14:04:56,11787464
( 1 แถม 1 ) ปากกาตราอายไลเนอร์ แบบบูรณาการ แม่นยำ ติดทนนาน กันรอยเปื้อน แห้งไว ปากกายางอายไลเนอร์,Everything for customers,฿75.00,美妆个护-美妆-眼线笔与唇线笔,18%,16629,-13.3%,50594,3601811,1147401,2025-08-01 17:34:42,232212
[โปรพิเศษ!] กันแดด 3D ออร่า 1 หลอด JULA'S HERB WATERMELON 3D AURA SUN GUARD SPF50+ PA++++,julaherbthailand,฿248.84,美妆个护-美容护肤-脸部防晒霜与晒后修复,15%,16478,121.36%,59628,14354938.82,4115572.47,2025-05-06 16:54:53,1006924
แมสก์หน้าเรียว ทรงสวย กระชับใบหน้า Fancy Shape Mask ป้องกันฝุ่น ใส่สบาย (พร้อมส่ง),WONDER SUPPLY.,฿33.00,美妆个护-美容护肤-面部护理工具,-,16406,1311.88%,21308,639240,492180,2025-09-29 00:36:18,250674
ซื้อ 1 แถม 1 เพียงหลอดเดียวก็เห็นผล EELHOE ครีมบำรุงคอ 40g ครีมบำรุง ลดเลือนริ้วรอย ครีมบำรุงคอ Suffocation,EELHOE Mall8,฿67.00,美妆个护-洗浴与身体护理-颈部护理,15%,16402,-14.19%,64911,4177663.94,1038617.21,2025-02-17 00:26:41,77725
กันแดดน้ำนมโนร่า 1แคปซูล  NORA DAILY SUNSCREEN SPF 50 PA+++,NORATHAILAND,฿70.00,美妆个护-美容护肤-脸部防晒霜与晒后修复,10%,16383,56.37%,47283,6212122,966597,2023-11-21 21:05:08,822463
【BCD】SKINTIFIC Limited version cushion/Perfect Stay Velvet Matte Cushion สีฟ้า คุชชั่น ให้การปกปิด แมตต์ติดทนตลอดวัน รองพื้นSKINTIFIC PERFECT STAY VELVET MATTE CUSHION /Cover all perfect cushion,SkintificTH,฿461.00,美妆个护-美妆-遮瑕与粉底,1%,16242,346.09%,53380,15400601.17,5604078.26,2025-04-01 11:14:54,793817
Syrup Glossy Lip 9g ลิปไก่ทอดแบบแท่ง ลิปกลอสไซรัป,KAGE.COSMETICS,"฿349.00 - 2,792.00",美妆个护-美妆-口红与唇彩,10%,16230,355.64%,64975,14772856.2,2546970,2024-07-14 13:56:50,660692
กันแดดจู ซัน ชิลด์ ครีม เอสพีเอฟ 50 พีเอ+++ (50g.),CEOJOJU,฿348.00,美妆个护-美容护肤-脸部防晒霜与晒后修复,7%,16175,1018.6%,17621,3792570,3506920,2025-09-09 20:28:36,503208